Nom substance active;Numero CAS;Etat d’autorisation;Variant;
Thiram;137-26-8;NON_INSCRITE;thirame;
Desmedipham;13684-56-5;NON_INSCRITE;desmédiphame;
Methiocarb;2032-65-7;NON_INSCRITE;Methiocarb;
Triazoxide;72459-58-6;NON_INSCRITE;triazoxide;
Flupyrsulfuron-methyl;144740-54-5;NON_INSCRITE;flupyrsulfuron-methyl;
A15149W;;INSCRIPTION_EN_COURS;A15149W;
Thiacloprid;111988-49-9;NON_INSCRITE;thiaclopride;
Isoproturon;34123-59-6;NON_INSCRITE;Isoproturon;
Pymetrozine;123312-89-0;NON_INSCRITE;pymétrozine;
Picoxystrobin;117428-22-5;NON_INSCRITE;picoxystrobine;
Flumetralin;;INSCRITE;flumétraline;
Tricyclazole;;NON_INSCRITE;tricyclazole;
Huile de colza esterifiee;;AUTRE_CAS;Huile de colza esterifiee;
Quinoxyfen;124495-18-7;NON_INSCRITE;quinoxyfène;
Fenamiphos;22224-92-6;NON_INSCRITE;phénamiphos;
Chlorothalonil;1897-45-6;NON_INSCRITE;chlorothalonil;
Imazosulfuron;;NON_INSCRITE;imazosulfuron;
Zoxamide;156052-68-5;INSCRITE;zoxamide;
Famoxadone;131807-57-3;NON_INSCRITE;famoxadone;
ABE-IT 56;;INSCRITE;ABE IT 56;
Rape seed oil ethyl ester;;AUTRE_CAS;ester éthylique d'huile de colza;
Alcools gras, C9-11, éthoxylé propoxylé;103818-93-5;AUTRE_CAS;Alcools gras, C9-11, éthoxylé propoxylé;
Limestone;;NON_INSCRITE;calcaire;
Methomyl;16752-77-5;NON_INSCRITE;méthomyl;
Garlic extract;8000-78-0, CAS no. used in the ECB database 8008-99-9;INSCRITE;extrait d'ail;
Blood meal;90989-74-5;INSCRITE;farine de sang;
ester méthylique d'acide gras;;AUTRE_CAS;ester méthylique d'acide gras;
Copolymère trisiloxane;27306-78-1;AUTRE_CAS;copolymère de trisiloxane;
Silicone resin;;AUTRE_CAS;Silicone resin;
Synthetic amorphous silica;;AUTRE_CAS;Synthetic amorphous silica;
Quinoclamine;2797-51-5;NON_INSCRITE;quinoclamine;
Polydimethylsiloxane, ((2-octyldodecyl)oxy);;AUTRE_CAS;Polydimethylsiloxane, ((2-octyldodecyl)oxy);
Acetic acid;64-19-7;INSCRITE;acide acétique;
Whey;;INSCRITE;Whey;
Alkyl éther sulfate de sodium;68891-38-3;AUTRE_CAS;Alkyl éther sulfate de sodium;
Zeta-Cypermethrin;;NON_INSCRITE;zêta-cyperméthrine;
Thiophanate-methyl;23564-05-8;NON_INSCRITE;Thiophanate-methyl;
Epoxiconazole;133855-98-8 | 135319-73-2 (formerly 106325-08-0);NON_INSCRITE;époxiconazole;
Etridiazole;2593-15-9;NON_INSCRITE;étridiazole;
Fenoxycarb;79127-80-3;NON_INSCRITE;fénoxycarb;
Flubendiamide;;INSCRITE;flubendiamide;
Fluometuron;2164-17-2;INSCRITE;fluométuron;
Halosulfuron methyl;;INSCRITE;halosulfuron-méthyl;
Imazalil;35554-44-0;INSCRITE;imazalil;
MCPB;94-81-5;INSCRITE;MCPB sel sodique | MCPB;
Spiromesifen;;INSCRITE;spiromésifène;
Triflumizole;99387-89-0;NON_INSCRITE;triflumizole;
Emamectin;155569-91-8;INSCRITE;benzoate d'émamectine;
Fenpyrazamine;473798-59-3;INSCRITE;fenpyrazamine;
Fenpyroximate;134098-61-6;INSCRITE;fenpyroximate;
Fluopicolide;239110-15-7;INSCRITE;fluopicolide;
Bacillus amyloliquefaciens AH2;;INSCRITE;Bacillus amyloliquefaciens AH2;
Hymexazol;10004-44-1;INSCRITE;hymexazol;
Lime sulphur (calcium polysulphid);;INSCRITE;polysulfure de calcium;
Metazachlor;67129-08-2;INSCRITE;métazachlore;
Fenpropimorph;67564-91-4;NON_INSCRITE;fenpropimorphe;
Fluopyram;658066-35-4;INSCRITE;fluopyram;
Forchlorfenuron;68157-60-8;INSCRITE;forchlorfénuron;
Geraniol;106-24-1;INSCRITE;géraniol;
Heptamaloxyloglucan;870721-81-6;INSCRITE;heptamaloxyloglucane;
Ipconazole;125225-28-7;INSCRITE;ipconazole;
Magnesium phosphide;12057-74-8;INSCRITE;phosphure de magnésium;
Metaflumizone;139968-49-3;INSCRITE;métaflumizone;
Penflufen;;INSCRITE;penflufène;
Profoxydim;139001-49-3;NON_INSCRITE;profoxydime;
Pyraflufen-ethyl;129630-19-9;INSCRITE;pyraflufène-éthyle;
Pyridaben;96489-71-3;INSCRITE;pyridabène;
Quinmerac;90717-03-6;INSCRITE;quinmérac;
Quizalofop-P;;INSCRITE;quizalofop-P-éthyl | quizalofop-P-téfuryl | Quizalofop-P;
Paraffin oils;64742-46-7 | 72623-86-0 | 97862-82-3;INSCRITE;huile de paraffine (CAS n°64742-46-7) | huile de paraffine (CAS 97862-82-3) | huiles de paraffine | huile de paraffine (CAS 72623-86-0);
Penoxsulam;219714-96-2;INSCRITE;pénoxsulame;
Chlorpyrifos-methyl;5598-13-0;NON_INSCRITE;chlorpyriphos-méthyl;
Pirimicarb;;INSCRITE;pirimicarbe;
Spiroxamine;118134-30-8;INSCRITE;spiroxamine;
Sulfuryl fluoride;2699-79-8;INSCRITE;fluorure de sulfuryle;
Tembotrione;335104-84-2;INSCRITE;tembotrione;
Triflumuron;64628-44-0;NON_INSCRITE;triflumuron;
Trimethylamine hydrochloride;593-81-7;NON_INSCRITE;hydrochlorure de triméthylamine;
Meptyldinocap;6119-92-2;INSCRITE;méptyldinocap;
Metalaxyl;57837-19-1;INSCRITE;métalaxyl | métalaxyl S;
Cyflufenamid;180409-60-3;INSCRITE;cyflufénamide;
Cymoxanil;57966-95-7;INSCRITE;cymoxanil;
Cyromazine;66215-27-8;NON_INSCRITE;cyromazine;
Pethoxamid;106700-29-2;INSCRITE;péthoxamide;
Phosmet;732-11-6;INSCRITE;phosmet;
Phosphane;7803–51-2;INSCRITE;phosphine (hydrure de phosphore);
Propaquizafop;111479-05-1;INSCRITE;propaquizafop;
Diuron;330-54-1;NON_INSCRITE;diuron;
Difenacoum;56073-07-5;NON_INSCRITE;difénacoum;
Dimethoate;;NON_INSCRITE;diméthoate;
Tefluthrin;79538-32-2;INSCRITE;téfluthrine;
Thymol;89-83-8;INSCRITE;thymol;
Tralkoxydim;87820-88-0;NON_INSCRITE;tralkoxydime;
Aluminium ammonium sulphate;7784-26-1 - 7784-25-0;INSCRITE;sulfate d'aluminium-ammonium;
Amidosulfuron;120923-37-7;INSCRITE;amidosulfuron;
Amisulbrom;348635-87-0;INSCRITE;amisulbrom;
Azadirachtin;11141-17-6;INSCRITE;azadirachtine A et B | azadirachtine | azadirachtine (huile) | azadirachtine A;
Bromuconazole;116255-48-2;INSCRITE;bromuconazole;
Carbetamide;16118-49-3;NON_INSCRITE;carbétamide;
Carboxin;5234-68-4;NON_INSCRITE;carboxine;
Aluminium phosphide;20859-73-8;INSCRITE;phosphure d'aluminium;
Azimsulfuron;120162-55-2;INSCRITE;azimsulfuron;
Benalaxyl-M;98243-83-5;INSCRITE;bénalaxyl-M;
2,5-Dichlorobenzoic acid methylester;2905-69-3;INSCRITE;méthylester d'acide 2,5-Dichlorobenzoïque;
Dodemorph;1593-77-7;INSCRITE;dodémorphe;
Fenazaquin;120928-09-8;INSCRITE;fénazaquine;
COS-OGA;;INSCRITE;COS-OGA;
Chromafenozide;;INSCRITE;chromafenozide;
Cycloxydim;101205-02-1;INSCRITE;cycloxydime;
Cyflumetofen;;INSCRITE;cyflumétofen;
Diclofop;51338-27-3 | 257-141-8 (Diclofop-methyl) - 40843-25-2 (diclofop);INSCRITE;diclofop;
Spirotetramat;203313-25-1;INSCRITE;spirotétramate;
Sucrose;57-50-1;INSCRITE;sucrose;
Triasulfuron;82097-50-5;NON_INSCRITE;triasulfuron;
Triclopyr;;INSCRITE;triclopyr sel de triéthylamine | triclopyr butoxy éthyl ester | triclopyr (ester de 2 butoxyéthyle = triclopyr-butolyl) | triclopyr (ester de 2 butoxyéthyle=triclopyr-butolyl) | Triclopyr ester de butyl glycol | triclopyr;
Tritosulfuron;142469-14-5;INSCRITE;tritosulfuron;
Eugenol;97-53-0;INSCRITE;eugénol;
Flurochloridone;61213-25-0;INSCRITE;flurochloridone;
Iron sulphate;;INSCRITE;sulfate de fer heptahydrate | sulfate de fer (II), monohydrate | fer sous forme de sulfate | sulfate de fer (II), anhydre | sulfate de fer;
Isoxaben;82558-50-7;INSCRITE;isoxabène;
Ametoctradin;865318-97-4;INSCRITE;amétoctradine;
Mandipropamid;374726-62-2;INSCRITE;mandipropamide;
MCPA;94-74-6;INSCRITE;MCPA sels de diméthylamine de potassium et de soude | MCPA ester amylique | MCPA sels de sodium et de potassium | MCPA sel d'amine | MCPA sels d'isopropylamine,de potassium et de sodium | MCPA sels d'amine et de potassium | MCPA 2-EHE | MCPA ester de butylglycol | MCPA sel de sodium | MCPA sel de potassium | MCPA | MCPA sel de triéthanolamine | MCPA sels d'amines,de sodium et de potassium | MCPA sel de diméthylamine | MCPA ester de 2-ethylhexyl | MCPA ester isooctylique | MCPA EHE | MCPA sel de monoéthanolamine;
Metrafenone;220899-03-6;INSCRITE;métrafénone;
Tolclofos-methyl;57018-04-9;INSCRITE;Tolclofos-methyl;
Glufosinate;;NON_INSCRITE;glufosinate | glufosinate ammonium;
esters méthyliques d'acides gras, C14-C18 et C16-C18 insaturés (CAS N°67762-26-9);;AUTRE_CAS;esters méthyliques d'acides gras, C14-C18 et C16-C18 insaturés (CAS N°67762-26-9);
Stéarate de sucrose;84066-95-5;AUTRE_CAS;Stéarate de sucrose;
Metalaxyl-M;70630-17-0;INSCRITE;métalaxyl-M;
Tepraloxydim;149979-41-9;NON_INSCRITE;tépraloxydime;
Prohexadione;127277-53-6;INSCRITE;prohexadione-calcium;
Pyridate;55512-33-9;INSCRITE;pyridate;
Terpenoid blend QRD-460;;INSCRITE;mélange de terpène (QRD 460);
Proquinazid;189278-12-4;INSCRITE;proquinazid;
Urtica spp.;;INSCRITE;Urtica spp.;
Cire de paraffine;8002-74-2;AUTRE_CAS;Cire de paraffine;
Picolinafen;137641-05-5;INSCRITE;picolinafène;
Fusarium sp. Strain L13;;INSCRIPTION_EN_COURS;Fusarium sp. souche L13;
Streptomyces K61 (formerly S. griseoviridis);;INSCRITE;Streptomyces souche K61 | Streptomyces griseoviridis (K61) | Streptomyces K61 (anciennement S. griseoviridis) SOUCHE: K61 Collection de;
Pseudomonas chlororaphis MA342;;INSCRITE;pseudomonas chlororaphis souche MA342;
Beta-Cyfluthrin;68359-37-5;NON_INSCRITE;béta-cyfluthrine;
Lufenuron;103055-07-8;NON_INSCRITE;lufénuron;
Teflubenzuron;83121-18-0;NON_INSCRITE;téflubenzuron;
Prochloraz;67747-09-5;NON_INSCRITE;prochloraz | complexe prochloraze, chlorure de cuivre | prochloraze isomere D | prochloraze manganèse;
Kieselgur (Diatomaceous earth);61790-53-2;INSCRITE;kieselgur (terre à diatomées);
Propamocarb;;INSCRITE;propamocarbe | propamocarbe HCl;
Inpyrfluxam;;AUTRE_CAS;Inpyrfluxam;
Bacillus thuringiensis subsp. kurstaki strain PB 54;;INSCRITE;Bacillus thuringiensis subsp. kurstaki souche PB 54;
Trifloxystrobin;141517-21-7;INSCRITE;trifloxystrobine;
Clopyralid;1702-17-6;INSCRITE;clopyralid sel de monoéthanolamine | clopyralid | clopyralid diméthylamine;
Metam;;INSCRITE;métam | métam-potassium | métam-sodium;
1,2,4-triazole;;AUTRE_CAS;1,2,4-triazole;
Bacillus pumilus F-33;;AUTRE_CAS;Bacillus pumilus F-33;
Burkholderia rinojensis souche A396 (suspension bact. non viable);;AUTRE_CAS;Burkholderia rinojensis souche A396 (suspension bact. non viable);
Cire d'abeille;;AUTRE_CAS;cire d'abeille;
Pyrethrins;8003-34-7;INSCRITE;cinérine | extrait de pyrèthres végétales | pyréthrines | Pyrethres naturels | pyréthrine 2 | extrait B: pyréthrine 1 | jasmoline 2 | jasmoline 1 | cinérine | pyréthrines21-1 pyréthrine 2;
Dimethyl disulfide;;AUTRE_CAS;diméthyldisulfure;
Diquat (dibromide);85-00-7;NON_INSCRITE;diquat (dibromide) | diquat ion;
Maneb;12427-38-2;NON_INSCRITE;manèbe;
Heptamethyltrisiloxane modifie polyalkyleneoxide;;AUTRE_CAS;heptaméthyltrisiloxane modifié polyalkylenoxide (méthylé) (CAS N°27306-78-1) | heptaméthyltrisiloxane modifié polyalkylenoxide (hydroxylé) (CAS N°67674-67-3) | heptamethyltrisiloxane modifie polyalkyleneoxide;
Halauxifen-methyl;;INSCRITE;halauxifène-méthyl;
Fenugrec extract;N/A;INSCRITE;extrait de fénugrec;
(3E, 13Z)-octadecadien-1-yl acetate;;INSCRITE;(3E, 13Z)-octadécadien-1-yl acétate;
Pepper;;NON_INSCRITE;poivre;
Kresoxim-methyl;143390-89-0;INSCRITE;krésoxime-méthyle;
1-Naphtylacetic acid;86-87-3;INSCRITE;acide 1-naphtylacétique;
Fipronil;120068-37-3;NON_INSCRITE;Fipronil;
Putrescin (1,4-Diaminobutane);;NON_INSCRITE;putrescine (1,4-Diaminobutane);
Sea-algae extract;;NON_INSCRITE;extrait d'algue marine;
Sodium aluminium silicate;;NON_INSCRITE;silicate de sodium aliminium;
Magnesium sulphate;;AUTRE_CAS;Sulfate de magnésium | sulfate de magnésium heptahydraté;
Trichoderma asperellum (strain T34);;INSCRITE;Trichoderma asperellum (souche T34) | Trichoderma asperellum (strain T34);
Boscalid;188425-85-6;INSCRITE;boscalide;
Vinegar;90132-02-8;INSCRITE;Vinegar;
Zucchini Yellow Mosaik Virus, weak strain;;INSCRITE;Zucchini Yellow Mosaik Virus, weak strain | virus de la mosaique jaune de la courgette souche bénigne;
Benthiavalicarb;;INSCRITE;benthiavalicarbe | benthiavalicarbe isopropyl;
Bupirimate;41483-43-6;INSCRITE;bupirimate;
Calcium carbide;;INSCRITE;carbure de calcium;
Aluminium sulphate;10043-01-3;INSCRITE;sulfate d'aluminium;
Imidacloprid;;NON_INSCRITE;imidaclopride;
Ammonium acetate;631-61-8;NON_INSCRITE;acétate d'ammonium;
Ascorbic acid;50-81-7;INSCRITE;acide ascorbique;
Beflubutamid;113614-08-7;INSCRITE;béflubutamide;
Chlorotoluron;15545-48-9;INSCRITE;chlorotoluron;
Chlorsulfuron;64902-72-3;NON_INSCRITE;chlorsulfuron;
Dichlorprop-P;15165-67-0;INSCRITE;dichlorprop P 2-EHE | dichlorprop-P sel d'amine | dichlorprop-P sel de sodium | dichlorprop P sel de dimethylamine | dichlorprop-P sels de potassium | dichlorprop-P;
Diethofencarb;;NON_INSCRITE;diéthofencarb;
Bifenox;42576-02-3;INSCRITE;bifénox;
Bromadiolone;28772-56-7;NON_INSCRITE;bromadiolone;
Chlorpyrifos;;NON_INSCRITE;chlorpyriphos-éthyl;
Benzoic acid;65-85-0;INSCRITE;acide benzoïque;
Metobromuron;3060-89-7;INSCRITE;métobromuron;
Trichoderma atroviride strain I-1237;;INSCRITE;Trichoderma atroviride strain I-1237 | Trichoderma atroviride souche I-1237;
Bifenthrin;82657-04-3;NON_INSCRITE;bifenthrine;
6-Benzyladenine;;INSCRITE;6-benzyladénine;
Thiamethoxam;153719-23-4;INSCRITE;thiaméthoxame;
Beta-sitostérol;83-46-5;AUTRE_CAS;Beta-sitostérol;
Trinexapac;;INSCRITE;trinéxapac | trinéxapac-éthyl;
Repellents by smell of animal or plant origin/fish;;INSCRITE;répulsif olfactif d'origine animal ou végétal/huile de poisson | huile de poisson;
Verticillium albo-atrum (WCS850);;INSCRITE;Verticillium albo-atrum (WCS850);
Oligomères d'alpha-pinène et bêta-pinène (CAS N° 31393-98-3) ;31393-98-3;AUTRE_CAS;oligomères d'alpha-pinène et bêta-pinène;
Triadimenol;55219-65-3;NON_INSCRITE;Triadimenol;
Imazaquin;81335-37-7;NON_INSCRITE;imazaquine;
Repellents by smell/ tall oil crude;;NON_INSCRITE;répulsif olfactif d'origine animal ou végétal/huile de tall brute;
Repellents by smell/ tall oil pitch;;NON_INSCRITE;répulsif olfactif d'origine animal ou végétal/poix d'huile de tall;
Trichoderma polysporum strain IMI 206039;;NON_INSCRITE;Trichoderma polysporum strain IMI 206039 | Trichoderma polysporum (IMI 206039);
Z,Z,Z,Z-7,13,16,19-docosatetraen-1-yl isobutyrate;;NON_INSCRITE;z,Z,Z,Z-7,13,16,19-docosatetraen-1-yl isobutyrate;
Thifensulfuron-methyl;79277-27-3;INSCRITE;thifensulfuron-méthyl;
Sodium ortho-nitrophenolate;824-39-5;INSCRITE;ortho-nitrophénolate de sodium;
Pepino mosaic virus (PepMV) European (EU) strain, mild isolate Abp1;;INSCRITE;Pepino mosaic virus (PepMV) European (EU) strain, mild isolate Abp1;
Pepino mosaic virus (PepMV) Chilean (CH2) strain, mild isolate Abp2;;INSCRITE;Pepino mosaic virus (PepMV) Chilean (CH2) strain, mild isolate Abp2;
Metsulfuron-methyl;;INSCRITE;metsulfuron-méthyle | Metsulfuron;
polyalkylèneglycol;;AUTRE_CAS;polyalkylèneglycol;
Metarhizium anisopliae var. anisopliae strain BIPESCO 5;;INSCRITE;Metarhizium anisopliae var. anisopliae strain BIPESCO 5 | Metarhizium anisopliae var. anisopliae souche BIPESCO 5;
Metarhizium anisopliae var. anisopliae strain F52;;INSCRITE;Metarhizium anisopliae var. anisopliae souche F52 | Metarhizium anisopliae var. anisopliae strain F52;
Ester méthylique d'huile de colza (CAS N°73891-99-3);73891-99-3;AUTRE_CAS;Ester méthylique d'huile de colza (CAS N°73891-99-3);
Esters de colophane et de diéthylène glycol (CAS N°68153-38-8);68153-38-8;AUTRE_CAS;esters de colophane et de diéthylène glycol (CAS N°68153-38-8);
Methyl ester of rapeseed oil;85586-25-0 | 67762-38-3;AUTRE_CAS;ester méthylique d'huile de colza;
Mancozeb;8018-01-7 (formerly 8065-67-5);NON_INSCRITE;mancozèbe;
Paclobutrazol;76738-62-0;INSCRITE;paclobutrazol;
Acides gras, C14-22 et C14-22 insaturés, méthyl ester, sulfatés, sels de sodium (CAS N°84776-43-2);84776-43-2;AUTRE_CAS;acides gras, C14-22 et C14-22 insaturés, méthyl ester, sulfatés, sels de sodium (CAS N°84776-43-2);
Z-13-hexadecen-11-yn-1-yl acetate;;NON_INSCRITE;z-13-hexadecen-11-yn-1-yl acetate;
Dihydromyrcenol;89-78-1;AUTRE_CAS;dihydromyrcénol;
Sodium para-nitrophenolate;824-78-2;INSCRITE;para-nitrophénolate de sodium;
Flutriafol;76674-21-0;NON_INSCRITE;flutriafol;
Sesame oil;;AUTRE_CAS;huile de sésame;
Spirodiclofen;148477-71-8;NON_INSCRITE;spirodiclofène;
Cloquintocet mexyl;99607-70-2;AUTRE_CAS;cloquintocet-mexyl;
Acide citrique, monohydraté (CAS n° 5949-29-1);;AUTRE_CAS;acide citrique, monohydraté (CAS n° 5949-29-1);
Sulfate d'ammonium (CAS n° 7783-20-2);;AUTRE_CAS;sulfate d'ammonium (CAS n° 7783-20-2);
Fluroxypyr;69377-81-7 | 81406-37-3;INSCRITE;fluroxypyr | fluroxypyr-méptyl;
Potassium phosphonates;13977-65-6 for potassium hydrogen phosphonate - 13492-26-7 for dipotassium phosphonate Mixture: none;INSCRITE;phosphonates de potassium | acide phosphoreux;
1-Naphthylacetamide;86-86-2;INSCRITE;1-Naphthylacétamide;
2,4-DB;94-82-6 | 2039-46-5 (sel de DMA);INSCRITE;2,4-DB sel de triethanolamine | 2,4-DB | 2,4-DB sel de sodium | 2,4-DB sel d'amine;
2,6,6-Trimethylbicyclo(3.1.1)hept-2-en-4-ol;;NON_INSCRITE;2,6,6-Triméthylbicyclo(3.1.1)hept-2-en-4-ol;
2,6,6-Trimethylbicyclo[3.1.1]hept-2-ene (alpha-Pin;;NON_INSCRITE;2,6,6-Triméthylbicyclo[3.1.1]hept-2-ene (alpha-Pinen);
2-Aminobutane;;NON_INSCRITE;2-Aminobutane;
Terpineol (CAS n° 8000-41-7);;AUTRE_CAS;terpinéol (CAS n° 8000-41-7);
Adoxophyes orana GV strain BV-0001;;INSCRITE;virus de la granulose d'Adoxophyses orana souche BV-0001 | Adoxophyes orana granulovirus souche DSM-BV-0001 ;
Agrotis segetum granulosis virus;;NON_INSCRITE;virus de la granulose d'Agrotis segetum;
Aldicarb;116-06-3;NON_INSCRITE;aldicarbe;
Alkyldimethylethylbenzylammonium chloride;;NON_INSCRITE;chlorure d'alkyldimethylethylbenzylammonium;
Aluminium silicate;1332-58-7;INSCRITE;kaolin | kaolin dihydraté | silicate d'aluminium | argile kaolinique;
Chlorthiamid;1918-13-4;NON_INSCRITE;chlorthiamide;
Cinidon-ethyl;142891-20-1;NON_INSCRITE;cinidon-éthyle;
Cresylic acid;;NON_INSCRITE;acide crésylique;
Dinoterb;;NON_INSCRITE;acétate de dinoterbe | dinoterbe sel de diméthylamine | dinoterbe  sel de monométhylamine | dinoterbe sel de diéthanolamine | dinoterbe | dinoterbe sel d'amine;
Dioxathion;78-34-2;NON_INSCRITE;dioxathion;
Diphacinone;82-66-6;NON_INSCRITE;diphacinone;
Disulfoton;298-04-4;NON_INSCRITE;disulfoton;
Quartz sand;14808-60-7 (Quartz) | 7637-86-9 (Silicon dioxide);INSCRITE;sable de quartz;
Pirimiphos-methyl;29232-93-7;INSCRITE;pyrimiphos-méthyl;
Dinoseb;88-85-7 | 1420-07-1;NON_INSCRITE;dinosèbe acide | dinosèbe sel d'éthanolamine | dinosèbe sel d'ammonium | dinosèbe phénol libre | dinosèbe sel de triethanolamine | dinosèbe sel d'amine | dinosèbe | dinosèbe ester acétique;
DNOC;534-52-1;NON_INSCRITE;HEC 5725 A (63% isomere E, 35% isomere Z) | DNOC | HEC 5725 N (92% isomere E, 8% isomere Z);
Extract from Menta piperita;;NON_INSCRITE;extrait de menthe poivrée (Menta piperita);
Fenaminosulf;;NON_INSCRITE;phénaminosulf;
Fenbuconazole;;NON_INSCRITE;Fenbuconazole;
Extract from Plant. Red oak, Prickly pear cactus,;;NON_INSCRITE;extrait de plante (chêne rouge, oponce, sumac parfumé);
Fenhexamid;126833-17-8;INSCRITE;fenhexamide;
Farnesol;;NON_INSCRITE;farnésol;
Orthosulfamuron;;NON_INSCRITE;orthosulfamuron;
Oxasulfuron;144651-06-9;NON_INSCRITE;oxasulfuron;
Oxathiapiprolin;1003318-67-9;INSCRITE;oxathiapiproline;
Oxycarboxin;5259-88-1;NON_INSCRITE;oxycarboxine;
Paraformaldehyde;;NON_INSCRITE;paraformaldéhyde;
Paraquat;4685-14-7;NON_INSCRITE;paraquat;
Prothiofos;;NON_INSCRITE;prothiofos;
Pyraclostrobin;175013-18-0;INSCRITE;pyraclostrobine;
Pyrazophos;13457-18-6;NON_INSCRITE;pyrazophos;
TCA;;NON_INSCRITE;TCA;
Thiabendazole;148-79-8;INSCRITE;thiabendazole;
huile de soja éthoxylée (CAS N° 61791-23-9);61791-23-9;AUTRE_CAS;huile de soja éthoxylée (CAS N° 61791-23-9);
dihydromyrcénol (CAS N° 18479-58-8);;AUTRE_CAS;dihydromyrcénol (CAS N° 18479-58-8);
Prosulfuron;94125-34-5;INSCRITE;Prosulfuron | CA 741 A (intermédiaire de prosulfuron);
Thiencarbazone;;INSCRITE;thiencarbazone-méthyl | Thiencarbazone;
Trichoderma atroviride (formerly T. harzianum) strains IMI 206040;;INSCRITE;Trichoderma atroviride (formerly T. harzianum) strains IMI 206040 | Trichoderma atroviride souche IMI-206040;
Pyrimethanil;53112-28-0;INSCRITE;pyriméthanil;
1,3-Dichloropropene (cis);;NON_INSCRITE;1,3-Dichloropropène (cis);
1,3-Diphenyl urea;;NON_INSCRITE;1,3-Diphényl urea;
Derives d'acides gras vegetaux;;AUTRE_CAS;Derives d'acides gras vegetaux;
Mesosulfuron;208465-21-8  - 400852-66-6 (parent);INSCRITE;mésosulfuron | mésosulfuron-méthyl;
Penconazole;66246-88-6;INSCRITE;penconazole;
Isazofos;42509-80-8;NON_INSCRITE;isazofos;
Isofenphos;25311-71-1;NON_INSCRITE;isophenphos;
Isofetamid;875915-78-9;INSCRITE;isofétamide;
Esters méthyliques d'acides gras, C16-C18 et C18 insaturés (CAS N°67762-38-3);67762-38-3;AUTRE_CAS;esters méthyliques d'acides gras, C16-C18 et C18 insaturés (CAS N°67762-38-3);
Metosulam;;NON_INSCRITE;métosulame;
acide sulfurique, esters de mono-alkyles en C12-14, sels de sodium;85586-07-8;AUTRE_CAS;acide sulfurique, esters de mono-alkyles en C12-14, sels de sodium;
Ioxynil;1689-83-4;NON_INSCRITE;ioxynil sel de sodium | ioxynil ester octanoïque | ioxynil octanoate | ioxynil phénol | ioxynil;
Iprobenfos;;NON_INSCRITE;iprobenfos;
Isopyrazam;881685-58-1 -  (syn-isomer: 683777-13-1 / anti-isomer: 683777-14-2);INSCRITE;isopyrazam;
Karbutilate;4849-32-5;NON_INSCRITE;karbutilate;
Kasugamycin;;NON_INSCRITE;kasugamycine;
Lauryldimethylbenzylammonium chloride;;NON_INSCRITE;chlorure de lauryldimethylbenzylammonium;
Isaria fumosorosea Apopka strain 97;;INSCRITE;Isaria fumosorosea Apopka souche 97 | Paecilomyces fumosoroseus Apopka strain 97 | Paecilomyces fumosoroseus souche Apopka 97, PFR 97 | Isaria fumosorosea Apopka strain 97;
Isocarbamide;;NON_INSCRITE;isocarbamide;
Maleic hydrazide;123-33-1;INSCRITE;hydrazide maléïque (sel de potassium) | hydrazide maléïque;
Mecarbam;2595-54-2;NON_INSCRITE;mecarbame;
Lineatin;;NON_INSCRITE;linéatine;
1-Decanol;112-30-1;INSCRITE;1-décanol;
1-methylcyclopropene;3100-04-7;INSCRITE;1-méthylcyclopropène;
Bacillus thuringiensis subsp. kurstaki;;INSCRITE;Bacillus thuringiensis subsp. kurstaki souche ABTS 351 | Bacillus thuringiensis subsp. kurstaki souche EG 2348 | Bacillus thuringiensis subsp. kurstaki souche SA 11 | Bacillus thuringiensis subsp. kurstaki souche PB 54 | Bacillus thuringiensis subsp. kurstaki souche SA-12;
Oléate d'éthyle (CAS n° 111-62-6);111-62-6;AUTRE_CAS;oléate d'éthyle (CAS n° 111-62-6);
Flumioxazine;103361-09-7;INSCRITE;flumioxazine;
Acide 2-phosphonobutane-1,2,4-tricarboxylique (CAS n° 37971-36-1);;AUTRE_CAS;acide 2-phosphonobutane-1,2,4-tricarboxylique (CAS n° 37971-36-1);
Glyphosate;1071-83-6;INSCRITE;glyphosate sel monosodium | glyphosate sel de diméthylamine | glyphosate sel d'ammonium | glyphosate trimesium | glyphosate sel de potassium | glyphosate | glyphosate sel de diammonium | glyphosate sel d'isopropylamine;
Cyhalofop-butyl;122008-85-9;INSCRITE;cyhalofop-butyl;
Aldimorph;;NON_INSCRITE;aldimorphe;
Amitraz;33089-61-1;NON_INSCRITE;amitraze;
Ammonium thiocyanate;1762-95-4;AUTRE_CAS;thiocyanate d'ammonium;
Bacillus subtilis strain IBE 711;;NON_INSCRITE;Bacillus subtilis strain IBE 711;
Bacillus thuringiensis subsp. aizawai;;INSCRITE;Bacillus thuringiensis subsp. aizawai | Bacillus thuringiensis subsp. aizawai SOUCHE: GC-91 Collection de cultures: | Bacillus thuringiensis subsp. aizawai SOUCHE: ABTS-1857 Collection de cultu;
Bacillus thuringiensis subsp. israelensis;;INSCRITE;Bacillus thuringiensis subsp. israelensis | Bacillus thuringiensis subsp. israeliensis (sérotype H-14) souche : AM65-52;
Barban;;NON_INSCRITE;barbane;
Barium fluosilicate;;NON_INSCRITE;fluosilicate de barium;
Barium polysulphide;;NON_INSCRITE;polysulfure de barium;
Beauveria bassiana PPRI5339;;INSCRITE;Beauveria bassiana PPRI5339;
Beauveria brongniartii;;NON_INSCRITE;Beauveria brongniartii;
Bensulfuron;;INSCRITE;bensulfuron forme acide | bensulfuron | bensulfuron-méthyl;
Bromacil;314-40-9;NON_INSCRITE;bromacil;
Butoxycarboxim;;NON_INSCRITE;butoxycarboxime;
1-Tetradecanol;;INSCRITE;1-Tetradécanol;
2,4-D;1928-43-4 | 94-75-7;INSCRITE;2,4-D esters | 2,4-D ester butoxyéthanolique | 2,4-D sel de tri isopropanol amine | 2,4-D ester de butyl glycol | 2,4-D ester isooctylique | 2,4-D ester isopropylique | 2,4-D sel de triéthanolamine | 2,4-D ester isobutylique | 2,4-D ester ethylique | 2,4-D sel de diéthanolamine | 2,4-D ethylhexyl ester | 2,4-D EHE | 2,4-D butylate | 2,4-D isopropylester | 2,4-D | 2,4-D acetamide | 2,4-D sel de potassium | 2,4-D sels d'amines | 2,4-D sel de sodium | 2,4-D sel d'amine | 2,4-D sels de diméthylamine et de triméthylamine | 2,4-D sel d'éthanolamine | 2,4-D ester amylique | 2,4-D sel de diméthylamine | 2,4-D sels de diméthylamine et de diéthanolamine;
Ester méthylique d'acides gras d'huile de colza (CAS n° 85586-25-0);85586-25-0;AUTRE_CAS;ester méthylique d'acides gras d'huile de colza (CAS n° 85586-25-0);
2-Benzyl-4-chlorophenol;;NON_INSCRITE;2-Benzyl-4-chlorophenol;
2-(dithiocyanomethylthio)-benzothiazol;;NON_INSCRITE;2-(dithiocyanométhylthio)-benzothiazol;
Alachlor;15972-60-8;NON_INSCRITE;alachlore;
Alkyltrimethylbenzyl ammonium chloride;;NON_INSCRITE;alkyltrimethylbenzyl ammonium chloride;
Allethrin;;NON_INSCRITE;alléthrine;
Alloxydim;66003-55-2;NON_INSCRITE;alloxydim;
Allyl alcohol;;NON_INSCRITE;alcool allylique;
Bromophos;2104-96-3;NON_INSCRITE;bromophos;
Propionic acid;;NON_INSCRITE;acide propionique;
Propoxycarbazone;145026-81-9 (parent). 181274-15-7 (sodium salt);INSCRITE;Propoxycarbazone | propoxycarbazone sodium;
Prosulfocarb;52888-80-9;INSCRITE;prosulfocarbe;
Bronopol;;NON_INSCRITE;bronopol;
Buprofezin;953030-84-7;INSCRITE;buprofézine;
Butralin;33629-47-9;NON_INSCRITE;butraline;
Butylate;2008-41-5;NON_INSCRITE;butilate;
Chlorobenzilate;;NON_INSCRITE;chlorobenzilate;
Chlorophacinone;3691-35-8;NON_INSCRITE;chlorophacinone;
Chlorpropham;101-21-3;NON_INSCRITE;chlorprophame;
Dalapon;127-20-8;NON_INSCRITE;dalapon;
Daminozide;1596-84-5;INSCRITE;daminozide;
DDT;;NON_INSCRITE;dichlorodiphényltrichloroéthane (DDT);
Demeton-S-methyl;;NON_INSCRITE;déméton-S-méthyl | déméton-S-méthyl sulphone;
Dialifos;10311-84-9;NON_INSCRITE;dialiphos;
Dicamba;1918-00-9;INSCRITE;dicamba sel de potassium | dicamba sel d'amine | dicamba sel de diethanolamine | dicamba sel de diméthylamine | dicamba sel de sodium | dicamba sel de sodium et de potassium | dicamba | dicamba acide;
Dichlobenil;1194-65-6;NON_INSCRITE;dichlobénil;
Dichlofenthion;97-17-6;NON_INSCRITE;dichlofenthion;
Dichlofluanid;1085-98-9;NON_INSCRITE;dichlofluanide;
Drazoxolon;;NON_INSCRITE;drazoxolon;
Edifenphos;;NON_INSCRITE;édifenphos;
Esfenvalerate;66230-04-4;INSCRITE;esfenvalérate;
Ethanethiol;;NON_INSCRITE;éthanethiol;
Ethephon;16672-87-0;INSCRITE;éthéphon;
Ethiofencarb;29973-13-5;NON_INSCRITE;éthiophencarbe;
Tebuconazole;107534-96-3;INSCRITE;tébuconazole;
Tea tree extract;;INSCRITE;extrait d'arbre à thé | huile d'arbre à thé;
Formetanate;23422-53-9;INSCRITE;Formetanate;
Folpet;133-07-3;INSCRITE;folpel;
Dimethomorph;;INSCRITE;diméthomorphe;
(E)-5-Decenol;56578-18-8;INSCRITE;(E)-5-Décenol;
Ethofumesate;26225-79-6;INSCRITE;éthofumesate;
Ethoxyquin;91-53-2;NON_INSCRITE;éthoxyquine;
Endrine;;NON_INSCRITE;endrine;
Ethylene;;INSCRITE;éthylène;
Ethylhexanoate;;NON_INSCRITE;éthylhexanoate;
Etofenprox;80844-07-1;INSCRITE;étofenprox;
Etoxazole;153233-91-1;INSCRITE;étoxazole;
Ethametsulfuron methyl;;NON_INSCRITE;ethametsulfuron méthyl;
Etrimfos;38260-54-7;NON_INSCRITE;étrimfos;
Ethidimuron;30043-49-3;NON_INSCRITE;éthidimuron;
Fatty acids / Isovaleric acid;;NON_INSCRITE;acides gras / acide isovalerique;
Fatty acids / Valeric acid;;NON_INSCRITE;acides gras / acide valerique;
Fenazaflor;;NON_INSCRITE;fénazaflor;
Fenbutatin oxide;13356-08-6;NON_INSCRITE;fenbutatin-oxide;
Fat destilation residues;;INSCRITE;résidus de distillation de graisses;
Fluoxastrobin;361377-29-9;INSCRITE;fluoxastrobine;
Fluxapyroxad;907204-31-3;INSCRITE;fluxapyroxade;
Flumiclorac;;NON_INSCRITE;flumiclorac;
Folic acid;;NON_INSCRITE;acide folique;
Foramsulfuron;173159-57-4;INSCRITE;foramsulfuron;
Formaldehyde;50-00-0;NON_INSCRITE;formaldéhyde;
Fluoroglycofene;77501-90-7;NON_INSCRITE;fluoroglycofène;
Flurenol;;NON_INSCRITE;flurénol;
Furathiocarb;65907-30-4;NON_INSCRITE;furathiocarb;
Flurprimidole;56425-91-3;NON_INSCRITE;flurprimidole;
Furconazole;;NON_INSCRITE;furconazole;
Haloxyfop;69806-34-4 | 72619-32-0;NON_INSCRITE;haloxyfop;
Hydrolysed proteins;;INSCRITE;hydrolysat de protéines de collagène | hydrolysat d'urée de mélasse de betterave | protéines hydrolysées;
Imazethabenz;;NON_INSCRITE;imazaméthabenz;
Imazethapyr;81335-77-5;NON_INSCRITE;imazéthapyr;
Iminoctadine;;NON_INSCRITE;iminoctadine;
Metribuzin;21087-64-9;INSCRITE;métribuzine;
Mevinphos;7786-34-7;NON_INSCRITE;mévinphos;
Molinate;2212-67-1;NON_INSCRITE;Molinate;
Monalide;7287-36-7;NON_INSCRITE;monalide;
Monocarbamide-dihydrogensulphate;;NON_INSCRITE;monocarbamide-dihydrogensulphate;
Monocrotophos;6923-22-4;NON_INSCRITE;monocrotophos;
Monolinuron;1746-81-2;NON_INSCRITE;monolinuron;
Monuron;;NON_INSCRITE;monuron;
Oxamyl;23135-22-0;INSCRITE;oxamyl;
Metiram;9006-42-2;INSCRITE;métirame;
Mepiquat;24307-26-4 (mepiquat chloride) - 15302-91-7 (mepiquat);INSCRITE;mépiquat | chlorure de mépiquat;
Mecoprop-P;;INSCRITE;mécoprop-P EHE | mécoprop-P sel d'amine | mécoprop P ester isooctylique | mécoprop-P | mécoprop-P sels de diméthylamine | MCPP-P sel d'amine | mécoprop P sel de potassium | MCPP-P sel de magnésium | mécoprop-P  ester de butoxyéthanol;
Plant oils / Lemongrass oil;;NON_INSCRITE;huile de plantes / huile de citronnelle;
Plant oils / Maize oil;;NON_INSCRITE;huile de plantes / huile de maïs;
Plant oils / Olive oil;;NON_INSCRITE;huile de plantes / huile d'olive;
Plant oils / Soybean oil, epoxylated;;NON_INSCRITE;huile de plantes / huile de soja époxylée;
Plant oils / Soya oil;;NON_INSCRITE;huile de plantes / huile de soja;
Pepino Mosaic Virus, CH2 strain, isolate 1906;;INSCRITE;virus de la mosaïque du pépino, souche CH2, isolat 1906  | Pepino Mosaic Virus, CH2 strain, isolate 1906;
Polyoxin;;NON_INSCRITE;polyoxine;
Promecarb;2631-37-0;NON_INSCRITE;promécarbe;
Propanil;709-98-8;NON_INSCRITE;propanil;
Propetamphos;31218-83-4;NON_INSCRITE;propétamphos;
Propham;122-42-9;NON_INSCRITE;prophame;
Prothoate;2275-18-5;NON_INSCRITE;prothoate;
Pseudozyma flocculosa;;NON_INSCRITE;Pseudozyma flocculosa souche ATCC 64874 | Pseudozyma flocculosa;
Pyraclofos;;NON_INSCRITE;pyraclofos;
Quinalphos;13593-03-8;NON_INSCRITE;quinalphos;
Quinclorac;84087-01-4;NON_INSCRITE;quinclorac;
Quintozene;82-68-8;NON_INSCRITE;quintozène;
Repellents: Essential oils;;NON_INSCRITE;répulsif : huiles essentielles;
Sebacic acid;;NON_INSCRITE;acide sébacique;
Serricornin;;NON_INSCRITE;serricornin;
Soybean extract;;NON_INSCRITE;extrait de soja;
Spinetoram;XDE-175-J: 187166-40-1 - XDE-175-L: 187166-15-0 - XDE-175 (Spinetoram): 935545-74-7;INSCRITE;Spinetoram;
Streptomyces lydicus WYEC 108;;INSCRITE;Streptomyces lydicus WYEC 108;
Streptomycin;;NON_INSCRITE;streptomycine;
Repellent (by taste) of vegetal and animal origin/;;NON_INSCRITE;Repellent (by taste) of vegetal and animal origin/extract of food grade/pho;
Sulcotrione;99105-77-8;INSCRITE;sulcotrione;
Sulfaquinoxaline;;AUTRE_CAS;sulfaquinoxaline;
Tau-Fluvalinate;102851-06-9;INSCRITE;tau-fluvalinate;
TCMTB;;NON_INSCRITE;TCMTB;
Tebufenozide;112410-23-8;INSCRITE;tébufenozide;
Tecnazene;117-18-0;NON_INSCRITE;tecnazène;
Bacillus subtilis str. QST 713;;INSCRITE;Bacillus subtilis souche QST 713  | Bacillus subtilis str. QST 713;
Bacillus thuringiensis subsp. kurstaki strain EG 2348;;INSCRITE;Bacillus thuringiensis subsp. kurstaki souche EG 2348;
Bacillus thuringiensis subsp. kurstaki strain SA 11;;INSCRITE;Bacillus thuringiensis subsp. kurstaki souche SA 11;
Bacillus thuringiensis subsp. kurstaki strain SA 12;;INSCRITE;Bacillus thuringiensis subsp. kurstaki souche SA 12;
Clodinafop;105512-06-9;INSCRITE;clodinafop-propargyl;
1,4-dimethylnaphtalene;571-58-4;INSCRITE;1,4-dimethylnaphtalène;
Ziram;137-30-4;INSCRITE;Ziram;
Kinoprene;;NON_INSCRITE;kinoprène;
Mefenpyr;135590-91-9;AUTRE_CAS;méfenpyr-diéthyl;
Metamitron;41394-05-2;INSCRITE;métamitrone;
Methidathion;950-37-8;NON_INSCRITE;méthidathion;
Methoprene;40596-69-8;NON_INSCRITE;méthoprène;
Methoxychlor;;NON_INSCRITE;méthoxychlore;
Methoxyfenozide;161050-58-4;INSCRITE;méthoxyfénozide;
Methylenebisthiocyanate;;NON_INSCRITE;bisthiocyanate de méthylène;
Methylnaphthylacetamide;;NON_INSCRITE;methylnaphthylacétamide;
Metolachlor;51218-45-2;NON_INSCRITE;métolachlore;
Propyl-3-t-butylphenoxyacetate;;NON_INSCRITE;propyl-3-t-butylphénoxyacétate;
Prothiocarb;19622-19-6;NON_INSCRITE;prothiocarbe;
Prothioconazole;178928-70-6;INSCRITE;prothioconazole;
Fludioxonil;;INSCRITE;fludioxonil;
Pencycuron;66063-05-6;NON_INSCRITE;pencycuron;
Valifenalate;;INSCRITE;valifénalate;
Ferric phosphate;;INSCRITE;phosphate ferrique | phosphate ferrique hydraté | phosphate ferrique dihydraté ;
2,3,6-TBA;50-31-7;NON_INSCRITE;2,3,6-TBA sel d'ammonium | 2,3,6-TBA;
2,4,5-T;93-76-5 | 41083-11-8;NON_INSCRITE;2,4,5-T ester isooctylique | 2,4,5-T | 2,4,5-T ester amylique | 2,4,5-T sel d'amine | 2,4,5-T ester isobutylique | 2,4,5-T ester d'octyl glycol | 2,4,5,T ester butoxyethanolique | 2,4,5-T melange d'esters | 2,4,5-T sel de dimethylamine | 2,4,5-T sel de diethylamine | 2,4,5-T ester de butyl glycol | 2,4,5-T ester butylique;
Benzoylprop;22212-55-1;NON_INSCRITE;benzoylprop;
Bifenazate;149877-41-8;INSCRITE;bifénazate;
Biohumus;;NON_INSCRITE;biohumus;
Bioresmethrin;28434-01-7;NON_INSCRITE;bioresméthrine;
Biphenyl;92-52-4;NON_INSCRITE;biphényle;
Chlorthal-dimethyl;1861-32-1;NON_INSCRITE;chlorthal-dimethyl;
Chlorthiophos;;NON_INSCRITE;chlorthiophos;
Choline chloride;;NON_INSCRITE;chlorure de choline;
Citrus extract/grapefruit seed extract;;NON_INSCRITE;extrait de citrus/extrait de pépin de pamplemousse;
Clayed charcoal;;INSCRITE;Clayed charcoal;
Clethodim;99129-21-2;INSCRITE;cléthodime;
Clofencet;82697-71-0;NON_INSCRITE;clofencet;
Clofentezine;74115-24-5;INSCRITE;Clofentezine;
Isolan;;NON_INSCRITE;isolan;
Isoprocarbe;;NON_INSCRITE;isoprocarbe;
Lindane;58-89-9;NON_INSCRITE;gamma-HCH;
Linuron;330-55-2;NON_INSCRITE;linuron;
Mandestrobin;;INSCRITE;mandestrobine;
Clomazone;;INSCRITE;clomazone;
Clothianidin;210880-92-5;NON_INSCRITE;Clothianidin;
Conifer needle powder;;NON_INSCRITE;poudre d'aiguille de conifère;
Copper compounds;1317-39-1;INSCRITE;oxychlorure de cuivre | carbonate de cuivre potassique | bouillie bordelaise | sulfate de cuivre tribasique | cuivre | oxyde de cuivre | hydroxyde de cuivre;
Corn steep liquor;;NON_INSCRITE;soluble de maïs;
Coumatetralyl;5836-29-3;NON_INSCRITE;coumatétralyl;
Cumylphenol;;NON_INSCRITE;cumylphenol;
Cyanides: calcium, hydrogen, sodium;;NON_INSCRITE;cyanures (de  calcium, d'hydrogen, de sodium);
Cyclanilide;;NON_INSCRITE;cyclanilide;
Cycluron;2163-69-1;NON_INSCRITE;cycluron;
Cydia pomonella Granulovirus (CpGV);;INSCRITE;Cydia pomonella Granulovirus (V22) | Cydia pomonella Granulovirus (GV-R5) | Cydia pomonella Granulovirus (V15) | Cydia pomonella Granulovirus (GV0003) | Cydia pomonella Granulovirus (GV0006) | Cydia pomonella granulosis virus;
Cyfluthrin;68359-37-5;NON_INSCRITE;cyfluthrine;
Cyhalothrin;;NON_INSCRITE;cyhalothrine;
Cypermethrin;52315-07-8;INSCRITE;cyperméthrine | cyperméthrine 40/60 | high-cis cyperméthrine;
Demeton-S-methyl sulphone;;NON_INSCRITE;déméton-S-méthyl sulphone;
Diafenthiuron;;NON_INSCRITE;diafenthiuron;
Diammonium phosphate;;INSCRITE;diammonium phosphate;
Diazinon;333-41-5;NON_INSCRITE;diazinon;
Dichlone;117-80-6;NON_INSCRITE;dichlone;
Endothal;;NON_INSCRITE;endothal;
Etacelasil;;NON_INSCRITE;étacélasil;
Ethalfluralin;55283-68-6;NON_INSCRITE;éthalfluraline;
Ethanol;;AUTRE_CAS;éthanol;
E-9-Dodecen-1-yl acetate;;NON_INSCRITE;e-9-Dodecen-1-yl acétate;
Ethirimol;;NON_INSCRITE;éthyrimol;
Ethoate-methyl;;NON_INSCRITE;éthoate-méthyle;
Ethoprophos;13194-48-4;NON_INSCRITE;éthoprophos;
Ethoxysulfuron;;NON_INSCRITE;éthoxysulfuron;
Plant oils / Ylang-Ylang oil;;NON_INSCRITE;huile de plantes / huile d'Ylang-Ylang;
Polybutene;;AUTRE_CAS;polybutène;
Polymer of styrene and acrylamide;;NON_INSCRITE;polymère de styrène et d'acrylamide;
Phosametine;;NON_INSCRITE;phosamétine;
Propachlor;1918-16-7;NON_INSCRITE;propachlore;
Propiconazole;60207-90-1;NON_INSCRITE;propiconazole;
Pyriofenone;688046-61-9;INSCRITE;pyriofénone;
Strychnine;;NON_INSCRITE;strychnine;
Rape seed oil;8002-13-9;INSCRITE;huile de colza;
Sulfentrazone;;NON_INSCRITE;sulfentrazone;
Sulfosulfuron;141776-32-1;INSCRITE;sulfosulfuron;
Ammonium hydroxyde;;NON_INSCRITE;hydroxyde d'ammonium;
Bitertanol;55179-31-2;NON_INSCRITE;bitertanol;
Bitumen;;NON_INSCRITE;bitumen;
Isopropalin;;NON_INSCRITE;isopropalin;
Bixafen;581809-46-3;INSCRITE;bixafène;
Cyanazine;21725-46-2;NON_INSCRITE;cyanazine;
Cyantraniliprole;736994-63-1;INSCRITE;cyantraniliprole;
Cycloate;1134-23-2;NON_INSCRITE;cycloate;
Dimefox;115-26-4;NON_INSCRITE;diméfox;
Dieldrine;;NON_INSCRITE;dieldrine;
Dimethenamid-P;163515-14-8;INSCRITE;diméthénamide | diméthénamide-P;
Imazamox;114311-32-9;NON_INSCRITE;imazamox;
imazapic;;NON_INSCRITE;imazapic;
Imazapyr;81334-34-1;NON_INSCRITE;imazapyr;
Glutaraldehyde;;NON_INSCRITE;glutaraldéhyde;
Imibenconazole;;NON_INSCRITE;imibenconazole;
Haloxyfop-P;;NON_INSCRITE;haloxyfop-R | haloxyfop-R : ester methylique;
Helicoverpa armigera nucleopolyhedrovirus;;INSCRITE;nucléopolyhédrovirus de Helicoverpa armigera | Helicoverpa armigera nucleopolyhedrovirus;
Heptachlore;;NON_INSCRITE;heptachlore;
Pasteuria nishizawae Pn1;;INSCRITE;Pasteuria nishizawae Pn1;
p-Chloronitrobenzene;;NON_INSCRITE;p-Chloronitrobenzène;
Plant oils / Peanut oil;;NON_INSCRITE;huile de plantes / huile d'arachide;
Plant oils / Pinus oil;;NON_INSCRITE;huile de plantes / huile de pin;
Pronumone;;NON_INSCRITE;pronumone;
Propargite;2312-35-8;NON_INSCRITE;propargite;
Propazine;;NON_INSCRITE;propazine;
Sodium hydrogen carbonate;144-55-8;INSCRITE;Sodium hydrogen carbonate;
Agrobacterium radiobacter K 84;;NON_INSCRITE;Agrobacterium radiobacter K 84;
Alanycarb;83130-01-2;NON_INSCRITE;alanycarbe;
Anilazine;101-05-3;NON_INSCRITE;anilazine;
Anthraquinone;84-65-1;NON_INSCRITE;anthraquinone;
Aramite;;NON_INSCRITE;aramite;
Azaconazole;60207-31-0;NON_INSCRITE;azaconazole;
Azinphos ethyl;2642-71-9;NON_INSCRITE;azinphos éthyl;
Azinphos-methyl;86-50-0;NON_INSCRITE;azinphos-méthyl;
Benfuracarb;82560-54-1;NON_INSCRITE;benfuracarb;
Benfuresate;;NON_INSCRITE;benfurésate;
Bentazone;25057-89-0;INSCRITE;bentazone-Na | bentazone | bentazone-DEA;
Benzovindiflupyr;;INSCRITE;benzovindiflupyr;
Benzoximate;29104-30-1;NON_INSCRITE;benzoximate;
Benzthiazuron;;NON_INSCRITE;benzthiazuron;
Dichlorprop;120-36-5;NON_INSCRITE;dichlorprop sel de sodium | 2,4 DP sel d'amine | dichlorprop esters isooctyliques | dichlorprop | dichlorprop ester de butylglycol | dichlorprop sel de potassium | dichlorprop sel de diethanolamine | dichlorprop sel diethanolamine | dichlorprop sel de dimethylamine | dichlorprop sel d'amine | dichlorprop sel de triethanolamine;
Dicofol;115-32-2;NON_INSCRITE;dicofol;
Difenoxuron;;NON_INSCRITE;difénoxuron;
Difenzoquat;43222-48-6;NON_INSCRITE;difenzoquat;
Difethialone;104653-34-1;NON_INSCRITE;diféthialone;
Dikegulac;;NON_INSCRITE;dikégulac;
Dimethipin;55290-64-7;NON_INSCRITE;diméthipin;
Dinocap;39300-45-3;NON_INSCRITE;dinocap;
Dinotefuran;;NON_INSCRITE;dinotéfurane;
Fenitrothion;122-14-5;NON_INSCRITE;fénitrothion;
Fenothiocarb;;NON_INSCRITE;fénothiocarb;
Fenoxaprop;66441-23-4 | 71283-80-2;NON_INSCRITE;fénoxaprop;
Fenpiclonil;74738-17-3;NON_INSCRITE;fenpiclonil;
Fenpropathrin;64257-84-7;NON_INSCRITE;fenpropathrine;
Flucarbazone-sodium;;NON_INSCRITE;flucarbazone-sodium;
Flocumafen;90035-08-9;NON_INSCRITE;flocoumafen;
Fluoroacetamide;;NON_INSCRITE;fluoroacétamide;
Fluorodifen;;NON_INSCRITE;fluorodifène;
Flurtamone;96525-23-4;NON_INSCRITE;Flurtamone;
Flusilazole;85509-19-9;NON_INSCRITE;flusilazole;
Flusulfamide;;NON_INSCRITE;flusulfamide;
Flutianil;958647-10-4;INSCRITE;flutianil;
Heptenophos;23560-59-0;NON_INSCRITE;hepténophos;
Hexachlorophene;;NON_INSCRITE;hexachlorophène;
Hexazinone;51235-04-2;NON_INSCRITE;hexazinone;
Hexythiazox;78587-05-0;INSCRITE;hexythiazox;
Hydramethylnon;67485-29-4;NON_INSCRITE;hydraméthylnone;
Hydrogen peroxide;;INSCRITE;péroxyde d'hydrogène;
Hydroxy-MCPA;;NON_INSCRITE;hydroxy-MCPA;
Hydroxyphenyl-salicylamide;;NON_INSCRITE;hydroxyphényl-salicylamide;
Parathion;56-38-2;NON_INSCRITE;parathion;
Perfluidone;;NON_INSCRITE;perfluidone;
Phenothrin;;NON_INSCRITE;phénothrine;
Phenthoate;;NON_INSCRITE;phenthoate;
Phosalone;2310-17-0;NON_INSCRITE;phosalone;
Oxyde d'ethylene;;NON_INSCRITE;oxyde d'ethylene;
Picloram;1918-02-1;INSCRITE;piclorame | piclorame ester iso octylique | piclorame sel d'isopropylamine | piclorame sels de dimethylamine et de potassium | piclorame sel de potassium | piclorame sel de tri isopropanolamine | piclorame sel d'amine;
Plant oils / Citronella oil;;INSCRITE;huiles végétales/huile de citronnelle;
Plant oils / Clove oil;8000-34-8 (US) & 84961-50-2 (EU) (clove oil) - 97-53-0 (Eugenol – main component);INSCRITE;Plant oils / Clove oil | essence de girofle | eugénol;
Potassium hydrogen carbonate;298-14-6;INSCRITE;hydrogénocarbonate de potassium;
Potassium silicate;;NON_INSCRITE;silicate de potassium;
Potassium sorbate;;NON_INSCRITE;sorbate de potassium;
Potassium thiocyanate;;NON_INSCRITE;thiocyanate de potassium;
Pretilachlor;51218-49-6;NON_INSCRITE;prétilachlore;
Primisulfuron;;NON_INSCRITE;primisulfuron;
Procymidone;32809-16-8;NON_INSCRITE;procymidone;
Ester méthylique d'acides gras d'huile de soja (CAS n° 67784-80-9);;AUTRE_CAS;ester méthylique d'acides gras d'huile de soja (CAS n° 67784-80-9);
Sodium chloride;;INSCRITE;chlorure de sodium;
Sodium diacetoneketogulonate;;NON_INSCRITE;diacétoneketogulonate de sodium;
Pyranocumarin;;NON_INSCRITE;pyranocoumarin;
Sodium fluosilicate;;NON_INSCRITE;fluosilicate de sodium;
Sodium hydroxide;;NON_INSCRITE;hydroxide de sodium;
Tar acids;;NON_INSCRITE;acide de goudron;
Seconal;;NON_INSCRITE;seconal;
Tebufenpyrad;;INSCRITE;tebufenpyrad;
Straight Chain Lepidopteran Pheromones;;INSCRITE;n-tétradecylacétate (14Ac) | (E,Z,Z)-3,8,11-tétradécatrien-1-yl acétate + (E,Z)-3,8-tétradécadien-1-yl acétate | (E)-8-Dodecenyl acetate + (Z)-8-Dodecenyl acetate +  (Z)-8-Dodecenol | (E,E)-8,10-dodécadien-1-ol + tétradécylacétate | (E)-2-méthyl-6-méthylène-3,7-octadien-2-ol(isomyrcenol) | n-hexadécylacétate | (E)-8-dodécenyl acétate | Z11-hexadécen-1-ol | (Z)-8-dodécen-1-yl acétate + dodécyl acétate | (7E, 9E)-dodécadien 1-yl acétate | (E,E)-8,10-dodécadien-1-ol | (Z)-11-hexadécenal | (Z)-7-tétradécenal | (Z)-13-hexadécen-11-yl acétate | (E,Z,Z)-3,8,11-tétradécatrien-1-yl acétate | (Z, E)-7, 11-hexadécadien-1-yl acétate | (E)-11-tétradécen-1-yl acétate | (Z)-9-hexadécenal | (E)-5-décen-1-ol | (E)-8-dodécen-1-yl acétate | (E)-2-méthyl-6-méthylène-2,7-octadien-1-ol(myrcenol) | (E,Z)-7,9-dodécadien-1-yl acétate | tétradécan-1-ol | Z-11-tétradécenyl acétate | 1-dodécanol | (8E, 10E) - 8, 10 - dodécadiene 1-yl acétate | 8-dodécénylacétate | (Z,E)-7,11-hexadécadien-1-yl acétate | (E,Z)-3,13-octadécadiényl acétate | (E)-10-dodécenyl acétate | (E,Z)-8,10-tétradécadienyl | (Z,Z)-7,11-hexadécadien-1-yl acétate + (Z,E)-7,11-hexadécadien-1-yl acétate | (Z,Z)-3,13-octadécadiényl acétate | (Z)-11-tétradécenyl acétate | Z-8-dodécénol | (E, Z)-2, 13-octadécadien-1-yl acétate. | (Z)-9-hexadécenal + (Z)-11-hexadécenal + (Z)-13-octadécenal | (Z,Z)-3,13-octadécadiényl acétate | (Z)-11-tetradécen-1-yl acétate | (E/Z)-8-dodécen-1-yl acétate | E-11-tétradécenyl acétate | (z)-8-tétradécen-1-ol | Straight Chain Lepidopteran Pheromones | (E/Z)-9-dodécenyl acétate + (E/Z)-9-dodécen-1-ol + (Z)-11-tétradecen-1-yl ace | (Z)-9-dodécen-1-yl acétate + dodécyl acétate | (Z)-11-hexadécenal + (Z)-11-hexadécen-1-yl acétate | (E)-5-décen-1-yl acétate | Z9-dodécenylacétate | (E,Z)-3,8-tétradécadien-1-yl acétate | (E,Z)-7,9-dodécadien-1-yl acétate + (E,E)-7,9-dodécadien-1-yl acétate | (7Z, 11Z)-hexadécadien-1-yl acétate | (Z)-9-tetradécen-1-yl acétate | (7Z, 11E)-hexadécadien-1-yl acétate | (E)-5-décen-1-yl acétate + (E)-5-décen-1-ol | (Z)-9-dodécen-1-yl acétate | (Z)-13-octadécenal | (Z)-8-dodécen-1-yl acétate | (z)-8-tétradécen-1-yl acétate | E7,E/Z9-dodécadienylacétate + dodécanylacétate | (Z, E)-9, 12-tétradécadien-1-yl acétate | (Z)-8-dodécen-1-ol | Z-9-tétradécenyl acétate | (Z,Z)-7,11-hexadécadien-1-yl acétate | (9Z, 12E)-tétradécadien-1-yl acétate | (Z)-11-hexadécen-1-ol | (E/Z)9-dodécenylacétate | Z-11-hexadécen-1-yl acétate | (E,E/Z)-7,9-dodécadien-1-yl acétate  | (4E-7Z)-4,7-tridécadien-1-yl-acétate | (E/Z)-8-dodécenyl acétate + (Z)-8-dodécenol | (4Z-9Z)-7,9-dodécadien-1-ol;
2-Methyl-3-buten-2-ol;;NON_INSCRITE;2-Méthyl-3-buten-2-ol;
2-Naphthyloxyacetic acid;;NON_INSCRITE;acide 2-Naphthyloxyacetique;
3-isoxazolidinone;;NON_INSCRITE;F9600;
Ampelomyces quisqualis strain AQ10;;INSCRITE;Ampelomyces quisqualis strain AQ10 | Ampelomyces quisqualis souche AQ10 | Ampelomyces quisqualis Souche: AQ 10 Collection de cultures No CNCM I-807;
Bacillus pumilus QST 2808;;INSCRITE;Bacillus pumilus QST 2808;
Bacillus sphaericus;;NON_INSCRITE;Bacillus sphaericus;
Benalaxyl;71626-11-4;NON_INSCRITE;bénalaxyl;
Benazolin;3813-05-6;NON_INSCRITE;bénazoline  | bénazoline  éthyl;
Bendiocarb;22781-23-3;NON_INSCRITE;bendiocarbe;
Benodanil;15310-01-7;NON_INSCRITE;bénodanil;
Benomyl;17804-35-2;NON_INSCRITE;bénomyl;
Bensulide;;NON_INSCRITE;bensulide;
Bentaluron;;NON_INSCRITE;bentaluron;
Butachlor;;NON_INSCRITE;butachlor;
Butocarboxim;;NON_INSCRITE;butocarboxime;
Calcium carbonate;;INSCRITE;carbonate de calcium;
Cadusafos;95465-99-9;NON_INSCRITE;cadusafos;
Chlorophylline;;NON_INSCRITE;chlorophylline (sel cuprique magnésique de la chlorophylle);
Disodium octaborate tetrahydrate;;NON_INSCRITE;disodium octaborate tétrahydrate;
Disodium phosphonate;13708-85-5 (other registry numbers : 130184-07-5 . 16926-95-7);INSCRITE;phosphonate disodique | HEC 5725 (100% isomère E) | phosphonate de disodium;
Plant oils / Gaiac Wood oil;;NON_INSCRITE;huile de plantes / huile de bois de gaïac;
Perchlordecone;;NON_INSCRITE;perchlordécone;
Potassium iodide;;NON_INSCRITE;iodure de potassium;
Potassium permanganate;;NON_INSCRITE;permanganate de potassium;
Profenofos;41198-08-7;NON_INSCRITE;profénofos;
Triflusulfuron;126535-15-7;INSCRITE;Triflusulfuron;
Chlozolinate;72391-46-9;NON_INSCRITE;chlozolinate;
Clonostachys rosea, souche J1446;;INSCRITE;Gliocladium catenulatum souche J1446 (coll. DSM 9212) | Clonostachys rosea souche J1446 | Gliocladium catenulatum souche J1446;
Delta-endotoxin of Bacillus thuringiensis;;NON_INSCRITE;delta-endotoxine de Bacillus thuringiensis;
Deltamethrin;;INSCRITE;deltaméthrine;
Fenfuram;24691-80-3;NON_INSCRITE;fenfurame;
Fatty acids: potassium salt - caprylic acid         ;;NON_INSCRITE;acides gras /acide caprylique (sels de potassium);
Fenoxaprop-P;;INSCRITE;fénoxaprop-P | fénoxaprop-P-éthyle;
Fenridazon;;NON_INSCRITE;fenridazon;
Fenthion;55-38-9;NON_INSCRITE;fenthion;
Fentin acetate;900-95-8;NON_INSCRITE;fentine acétate;
Fentin hydroxide;76-87-9;NON_INSCRITE;fentine hydroxide;
Fenobucarbe;;NON_INSCRITE;fénobucarbe;
Fenuron;;NON_INSCRITE;fénuron;
Flucythrinate;70124-77-5;NON_INSCRITE;flucythrinate;
Flumequine;;NON_INSCRITE;fluméquine;
Flufenzin;;NON_INSCRITE;flufenzin;
Fomesafen;72178-02-0;NON_INSCRITE;fomésafène;
Fonofos;944-22-9;NON_INSCRITE;fonofos;
Fosthietan;;NON_INSCRITE;fosthiétan;
Fructose;;INSCRITE;Fructose;
Fuberidazole;;NON_INSCRITE;Fuberidazole;
Furalaxyl;57646-30-7;NON_INSCRITE;furalaxyl;
Garlic pulp;;NON_INSCRITE;pulpe d'ail;
Gelatine;;NON_INSCRITE;gélatine;
Gibberellic acid;77-06-5;INSCRITE;acide gibbérellique-benzyladénine | acide gibbérellique;
Napropamide;15299-99-7;INSCRITE;napropamide;
Naptalam;132-66-1;NON_INSCRITE;naptalame;
Neodiprion sertifer nuclear polyhedrosis virus;;NON_INSCRITE;virus de la polyhédrose nucléaire de Neodiprion sertifier;
Nicosulfuron;;INSCRITE;nicosulfuron;
Methoprothryne;841-06-5;NON_INSCRITE;méthoprothryne;
Nicotine;54-11-5;NON_INSCRITE;nicotine;
Nitralin;4726-14-1;NON_INSCRITE;nitralin;
Novaluron;;NON_INSCRITE;novaluron;
Ofurace;58810-48-3;NON_INSCRITE;ofurace;
Olein;;NON_INSCRITE;oléine;
Omethoate;1113-02-6;NON_INSCRITE;ométhoate;
Zinc phosphide;1314-84-7;INSCRITE;phosphure de zinc;
Fosetyl;39148-24-8 (fosétyl-Al) | 15845-66-6 (fosetyl);INSCRITE;fosétyl d'aluminium | fosétyl;
Fenpropidin;67306-00-7;INSCRITE;fenpropidine;
Flufenacet;142459-58-3;INSCRITE;flufénacet;
1,2-dichlorethane;;NON_INSCRITE;1,2-dichloréthane;
1,3,5-tri-(2-hydroxyethyl)-hexa-hydro-s-triazyne;;NON_INSCRITE;1,3,5-tri-(2-hydroxyéthyl)-hexa-hydro-s-triazyne;
1,3-Dichloropropene;542-75-6;NON_INSCRITE;1,3-Dichloropropène | 1,3-Dichloropropène (cis);
Myclobutanil;88671-89-0;NON_INSCRITE;myclobutanil;
Sulfate de magnésium heptahydraté (CAS n° 10034-99-8);;AUTRE_CAS;sulfate de magnésium heptahydraté (CAS n° 10034-99-8);
Di-1-p menthene;;NON_INSCRITE;di-1-p menthene;
Dienochlor;2227-17-0;NON_INSCRITE;diénochlore;
Nabam;145-59-6;NON_INSCRITE;nabam;
Naled;300-76-5;NON_INSCRITE;naled;
Naphtalene;;NON_INSCRITE;naphtalène;
Neburon;555-37-3;NON_INSCRITE;néburon;
Nitenpyram;;NON_INSCRITE;nitenpyrame;
Onion extract;;NON_INSCRITE;extrait d'onion;
Mild pepino mosaic virus isolate VC1;;INSCRITE;virus de la mosaïque du pépino, isolat VC1 peu virulent;
Mild pepino mosaic virus isolate VX1;;INSCRITE;virus de la mosaïque du pépino, isolat VX1 peu virulent;
Lambda-Cyhalothrin;;INSCRITE;lambda-cyhalothrine;
Jasmonic acid;;NON_INSCRITE;acide jasmonique;
Lactic acid;;NON_INSCRITE;acide lactique;
Lactofen;;NON_INSCRITE;lactofène;
Laminarin;9008-22-4;INSCRITE;laminarine;
Lanolin;;NON_INSCRITE;lanoline;
Lauryldimethylbenzylammonium bromide;;NON_INSCRITE;bromure de lauryldimethylbenzylammonium;
Mefentrifluconazole;;INSCRITE;méfentrifluconazole;
Mefluidide;53780-34-0;NON_INSCRITE;méfluidide sel de diéthanolamine | méfluidide;
Akanthomyces muscarius strain Ve6 (formerly Lecanicillium muscarium strain Ve6);;INSCRITE;Akanthomyces muscarius souche Ve6 | Akanthomyces muscarius strain Ve6;
Mepronil;55814-41-0;NON_INSCRITE;mépronil;
2-Hydroxyethyl butyl sulfide;;NON_INSCRITE;2-Hydroxyéthyl butyl sulfure;
2-Mercaptobenzothiazole;;NON_INSCRITE;2-Mercaptobenzothiazole;
2-Methoxy-5-nitrofenol sodium salt;;NON_INSCRITE;2-Méthoxy-5-nitrofenol (sels de sodium);
2-Methoxypropan-1-ol;;NON_INSCRITE;2-Méthoxypropan-1-ol;
2-Naphthyloxyacetamide;;NON_INSCRITE;2-Naphthyloxyacétamide;
Acetamiprid;135410-20-7 (pas celui du Review report) | 160430-64-8;INSCRITE;acétamipride;
Baculovirus GV;;NON_INSCRITE;Baculovirus GV;
Bacillus thuringiensis subsp. tenebrionis;;NON_INSCRITE;Bacillus thuringiensis subsp. tenebrionis | Bacillus thuringiensis subsp. tenebrionis SOUCHE: NB 176 (TM 14 1) Collecti;
Barium nitrate;;NON_INSCRITE;nitrate de barium;
Benoxacor;98730-04-2;AUTRE_CAS;bénoxacore;
Bensultap;17606-31-4;NON_INSCRITE;bensultap;
Captafol;;NON_INSCRITE;captafol;
Camphéchlore;;NON_INSCRITE;camphéchlore;
Carbofuran;1563-66-2;NON_INSCRITE;carbofuran;
Carbon disulphide;;NON_INSCRITE;disulphure de carbone;
Carbonate de sodium;;NON_INSCRITE;carbonate de sodium;
Chinin hydrochlorid;;NON_INSCRITE;quinine hydrochlorure;
Chloralose;15879-93-3;NON_INSCRITE;chloralose;
Chinomethionat;2439-01-2;NON_INSCRITE;chinométhionate;
Dazomet;533-74-4;INSCRITE;dazomet;
Denathonium benzoate;3734-33-6;NON_INSCRITE;benzoate de dénatonium;
Ethion;;NON_INSCRITE;éthion;
Fatty acids / Isobutyric acid;;NON_INSCRITE;acides gras / acide isobutyrique;
Nonylphenol ether polyoxyethyleneglycol;;NON_INSCRITE;nonylphénol ether polyoxyéthylèneglycol;
Norflurazon;27314-13-2;NON_INSCRITE;norflurazone;
Noruron;;NON_INSCRITE;noruron;
Orbencarb;;NON_INSCRITE;orbencarb;
Silafluofen;;NON_INSCRITE;silafluofène;
Silthiofam;175217-20-6;INSCRITE;silthiofame;
Silver nitrate;;NON_INSCRITE;nitrate d'argent;
S-Metolachlor;87392-12-9 (S-isomer) 178961-20-1 (R-isomer);INSCRITE;S-métolachlore : isomère R | S-métolachlore : isomère S | S-métolachlore;
Sodium arsenite;7784-46-5;NON_INSCRITE;arsenite de sodium | arsenic du dimethylarsinate de sodium | arsenic de l'arsenite de sodium;
Sodium dimethylarsinate;;NON_INSCRITE;diméthylarsinate de sodium;
Sodium dimethyldithiocarbamate;;NON_INSCRITE;diméthyldithiocarbamate de sodium;
Sodium dioctyl sulfosuccinate;;NON_INSCRITE;dioctyl sulfosuccinate de sodium;
Sodium hypochlorite;7681-52-9;NON_INSCRITE;hypochlorite sous forme de sel de sodium;
Sodium pentaborate;;NON_INSCRITE;pentaborate de sodium;
Sodium p-t-amylphenate;;NON_INSCRITE;p-t-amylphénate de sodium;
Sodium tetraborate;;NON_INSCRITE;tétraborate de sodium;
Lauryl sulfate de sodium;;NON_INSCRITE;lauryl sulfate de sodium;
Mesotrione;104206-82-8;INSCRITE;mésotrione;
Metaldehyde;108-62-3 (tetramer) - 9002-91-9 (homopolymer);INSCRITE;métaldéhyde;
Metconazole;125116-23-6 (unstated stereochemistry);INSCRITE;métconazole;
Methacrifos;;NON_INSCRITE;méthacrifos;
Methfuroxam;;NON_INSCRITE;méthfuroxame;
Maltodextrine;;INSCRITE;maltodextrine;
Methylnaphthylacetic acid;;NON_INSCRITE;acide méthylnaphthylacetique;
Methyl nonyl ketone;;NON_INSCRITE;méthyl nonyl cétone;
Methyl p-hydroxybenzoate;;NON_INSCRITE;p-hydroxybenzoate de méthyl;
Methyl-trans-6-nonenoate;;NON_INSCRITE;méthyl-trans-6-nonenoate;
Cyprodinil;121552-61-2;INSCRITE;cyprodinil;
Abamectin;65195-55-3 | 71751-41-2;INSCRITE;abamectine | abamectine B1a;
Aqueous extract from the germinated seeds of sweet Lupinus albus;;INSCRITE;extrait aqueux des graines germées de Lupinus albus doux;
Acides gras, C12-C16 et C-18 insaturés, éthoxylés (méthylés) (CAS n° 1374860-17-9);;AUTRE_CAS;acides gras, C12-C16 et C-18 insaturés, éthoxylés (méthylés) (CAS n° 1374860-17-9);
Monolaurate de sorbitane éthoxylé (20OE) (CAS n° 9005-64-5);9005-64-5;AUTRE_CAS;monolaurate de sorbitane éthoxylé (20OE) (CAS n° 9005-64-5);
2-Phenylphenol (incl. sodium salt orthophenyl phen;90-43-7;INSCRITE;2-Phénylphénol (sel de sodium d'orthophényl phénol);
2-Propanol;;NON_INSCRITE;2-Propanol;
Benzalkonium chloride;;NON_INSCRITE;chlorure de benzalkonium;
Bioallethrin;;NON_INSCRITE;bioalléthrine;
Bispyribac sodium;125401-92-5;INSCRITE;bispyribac sodium;
Milbemectin;51596-10-2 | 51596-11-3;INSCRITE;milbémectine | milbémectine M.A3 | milbémectine M.A4;
Bone Oil;;NON_INSCRITE;huile d'os;
Captan;133-06-2;INSCRITE;captane;
Calcium oxide;;NON_INSCRITE;oxyde de calcium;
Carbaryl;63-25-2;NON_INSCRITE;carbaryl;
Carfentrazone-ethyl;128639-02-1;INSCRITE;carfentrazone-ethyl | carfentrazone-éthyle;
Casein;;NON_INSCRITE;caséine;
Cerevisane;;INSCRITE;cerevisane | Cerevisane;
Cetrimide;;NON_INSCRITE;cétrimide;
Carpropamid;;NON_INSCRITE;carpropamide;
Chlomethoxyfen;32861-85-1;NON_INSCRITE;chlométhoxyfène;
Chloral-semi-acetal;;NON_INSCRITE;chloral-semi-acétal;
Chloramben;;NON_INSCRITE;chlorambène;
Chitosan;;INSCRITE;chitosane;
Chlordecone;;NON_INSCRITE;chlordécone;
Chlorfenapyr;;NON_INSCRITE;chlorfénapyr;
Chlorfenprop;;NON_INSCRITE;chlorfenprop;
Chloretazate;81052-29-1;NON_INSCRITE;chlorétazate;
Chlorimuron;;NON_INSCRITE;chlorimuron;
Chlormephos;24934-91-6;NON_INSCRITE;chlorméphos;
Indoxacarb;173584-44-6;INSCRITE;indoxacarbe (isomère R, actif) | indoxacarbe | indoxacarbe (isomère S, inactif);
Iodofenphos;18181-70-9;NON_INSCRITE;iodofenphos;
MSMA (methyl arsonic acid);;NON_INSCRITE;MSMA (acide méthyl-arsenique);
Mustard powder;;NON_INSCRITE;moutarde en poudre;
Naphtylacetic acid hydrazide;;NON_INSCRITE;hydrazide acdide naphtylacétique;
Nitrogen;;NON_INSCRITE;nitrogène;
Methylisothiocyanate;;NON_INSCRITE;methylisothiocyanate;
Nitrothal;10552-74-6;NON_INSCRITE;nitrothal;
Nonylphenol ethoxylate;;NON_INSCRITE;nonylphénol éthoxylé;
N-phenylphthalamic acid;;NON_INSCRITE;acide N-phénylphthalamique;
Nuarimol;63284-71-9;NON_INSCRITE;nuarimol;
Octhilinone;;NON_INSCRITE;octhilinone;
Octyldecyldimethyl ammonium chloride;;NON_INSCRITE;chlorure de octyldécyldiméthylammonium;
Metschnikowia fructicola souche NRRL Y-27328;;INSCRITE;Metschnikowia fructicola;
Orange oil;8028-48-6;INSCRITE;D-limonene | huile essentielle d'orange;
Pyriproxyfen;95737-68-1;INSCRITE;Pyriproxyfen;
Pyroxsulam;422556-08-9;INSCRITE;pyroxsulam;
Quassia;;NON_INSCRITE;quassia;
Quizalofop;76578-14-8 | 100646-51-3;NON_INSCRITE;quizalofop;
Repellents by smell of animal or plant origin/ fish oil;100085-40-3;INSCRITE;Repellents by smell of animal or plant origin/ fish oil | huile de poisson;
Resmethrin;;NON_INSCRITE;resméthrine;
Sedaxane;874967-67-6;INSCRITE;sédaxane | sédaxane (isomère trans) |  sédaxane (isomère cis)  ;
Sodium tetrathiocarbamate;;NON_INSCRITE;tétrathiocarbamate de sodium;
Sodium tetrathiocarbonate;;NON_INSCRITE;tétrathiocarbonatede sodium;
Quarternary ammonium compounds;;NON_INSCRITE;composé ammonium quaternaire;
Spinosad;168316-95-8;INSCRITE;spinosyne D | spinosyne A | spinosad;
Spodoptera exigua nuclear polyhedrosis virus;;NON_INSCRITE;Spodoptera exigua nuclear polyhedrosis virus;
Sulfotep;3689-24-5;NON_INSCRITE;sulfotep;
Resines;;NON_INSCRITE;résines;
Beauveria bassiana strain GHA;;INSCRITE;Beauveria bassiana souche GHA;
Beauveria bassiana strain ATCC 74040;;INSCRITE;Beauveria bassiana strains ATCC 74040 and GHA | Beauveria bassiana souche ATCC 74040;
Mepanipyrim;110235-47-7;INSCRITE;mépanipyrime;
Trichoderma harzianum strains T-22;;INSCRITE; 	Trichoderma harzianum strains T-22 | Trichoderma harzianum souche T-22;
Trichoderma harzianum strains ITEM 908;;INSCRITE;Trichoderma harzianum souche ITEM 9082 | Trichoderma harzianum strains ITEM 908;
Trichoderma gamsii ICC080;;INSCRITE;Trichoderma gamsii ICC080 | Trichoderma gamsii (anciennement T. viride) SOUCHES: ICC080 Collection de cultures;
Trichoderma atroviride (formerly T. harzianum) strains T11;;INSCRITE;Trichoderma atroviride souche T11 | Trichoderma atroviride (formerly T. harzianum) strains T11;
Trichoderma asperellum T-25;;INSCRITE;Trichoderma asperellum T-25;
Trichoderma asperellum TV1;;INSCRITE;Trichoderma asperellum TV1;
Trichoderma asperellum strains ICC012 T25 and TV1;;INSCRITE;Trichoderma asperellum TV1 | Trichoderma asperellum ICCO12 | Trichoderma asperellum strains ICC012 T25 and TV1 | Trichoderma asperellum T-25;
Trichoderma asperellum ICCO12;;INSCRITE;Trichoderma asperellum ICCO12;
Triticonazole;131983-72-7;INSCRITE;triticonazole;
Fatty acids;;INSCRITE;ester méthylique d'acides gras | acide heptanoïque | acide pélargonique | acide décanoïque | acide caprylique (sel de potassium) | méthyl octanoate | acide gras | esters méthylique d'acide gras C8-C10 | acides gras C7 à C18 et C18 insaturé (sels de potassium) | acide oléique (sel de potassium) | acide caprylique + acide caprique | acide pelargonique (sel de potassium) | acide oléïque | acide laurique (sel de potassium) | acide gras sous forme de sels d'amine | acide décanoïque (sel de potassium) | méthyl décanoate | acide caprylique | acides gras C7-C20 sels de potassium;
Phlebiopsis gigantea;;INSCRITE;Phlebiopsis gigantea SOUCHE: FOC PG 410.3 Collection de cultures: no IMI 39 | Phlebiopsis gigantea SOUCHE: VRA 1984 Collection de cultures: no DSM 16201 | Phlebiopsis gigantea | Phlebiopsis gigantea SOUCHE: VRA 1835 Collection de cultures: no ATCC 90304;
1,1-dichloro-2,2-bis (4-éthyl-phényl)-éthane;;NON_INSCRITE;1,1-dichloro-2,2-bis (4-éthyl-phényl)-éthane;
1,2-dibromoethane;;NON_INSCRITE;1,2-dibromoéthane;
1,2-Dichloropropane;;NON_INSCRITE;1,2-Dichloropropane;
Urea;57-13-6;INSCRITE;Urea;
Repellents by smell of animal or plant origin/sheep fat;;INSCRITE;répulsif olfactif d'origine animal ou végétal / graisse de mouton;
Alpha-Cypermethrin;;NON_INSCRITE;alpha-cyperméthrine;
Trichoderma atroviride strain SC1;;INSCRITE;Trichoderma atroviride SC1;
Cloquintocet acide;;AUTRE_CAS;Cloquintocet acide;
Dithianon;3347-22-6;INSCRITE;dithianon;
Docusate de sodium (CAS n° 577-11-7) ;;AUTRE_CAS;docusate de sodium (CAS n° 577-11-7) ;
3(3-Benzyloxycarbonyl-methyl)-2-benzothiazolinone;;NON_INSCRITE;3(3-Benzyloxycarbonyl-méthyl)-2-benzothiazolinone (Benzolinone);
3-decen-2-one;;NON_INSCRITE;3-decen-2-one;
Bacillus amyloliquefaciens MBI 600;;INSCRITE;Bacillus amyloliquefaciens souche MBI600;
Bacillus firmus I-1582;;INSCRITE;Bacillus firmus I-1582 | Bacillus firmus souche I-1582;
Chloral-bis-acylal;;NON_INSCRITE;chloral-bis-acylal;
Chlorbromuron;;NON_INSCRITE;chlorobromuron;
Chlorbufam;1967-16-4;NON_INSCRITE;chlorbufame;
Chlordane;;NON_INSCRITE;chlordane;
Chlormequat;999-81-5;INSCRITE;chlorméquat | chlorure de chlorméquat;
Chloropropylate;;NON_INSCRITE;chloropropylate;
Dichlorvos;62-73-7;NON_INSCRITE;dichlorvos;
Diclobutrazol;75736-33-3;NON_INSCRITE;diclobutrazol;
Dicloran;;NON_INSCRITE;dicloran;
Dicrotophos;;NON_INSCRITE;dicrotophos;
Dimethachlor;50563-36-5;INSCRITE;diméthachlore;
Dimethirimol;;NON_INSCRITE;diméthyrimol;
Dimexano;1468-37-7;NON_INSCRITE;diméxano;
Dinitramine;;NON_INSCRITE;dinitramine;
Dithiopyr;;NON_INSCRITE;dithiopyr;
Dodine;;INSCRITE;Dodine;
Fenoprop;93-72-1;NON_INSCRITE;quizalofop éthyl | fénoprop sels d'amine | fénoprop | fénoprop sel de potassium;
Fenvalerate;51630-58-1;NON_INSCRITE;fenvalérate;
Ferbam;14484-64-1;NON_INSCRITE;ferbame;
Flamprop;52756-25-9 | 57 973-67-8;NON_INSCRITE;flamprop-isopropyl | flamprop-M-isopropyl | flamprop | flamprop-M;
Fenpicoxamid;;INSCRITE;fenpicoxamide;
Flamprop-M;;NON_INSCRITE;flamprop-M;
Flupoxam;119126-15-7;NON_INSCRITE;flupoxame;
Flupyradifurone;;INSCRITE;flupyradifurone;
Fluridone;59756-60-4;NON_INSCRITE;fluridone;
Mephospholan;;NON_INSCRITE;méphospholan;
Metsulfovax;21452-18-6;NON_INSCRITE;metsulfovax;
Oxadiazon;19666-30-9;NON_INSCRITE;oxadiazon;
Oxine-copper;;NON_INSCRITE;oxine-cuivre;
Paraffin oil/(CAS 64742-55-8);64742-55-8;NON_INSCRITE;huile de paraffine;
Pebulate;;NON_INSCRITE;pébulate;
Pendimethalin;40487-42-1;INSCRITE;pendiméthaline;
Pentachlorophenol;;NON_INSCRITE;pentachlorophénol;
Simazine;122-34-9;NON_INSCRITE;simazine;
Sodium o-benzyl-p-chlorphenoxide;;NON_INSCRITE;o-benzyl-p-chlorphenoxide de sodium;
Sodium-p-toluene-sulfonchloramid;;NON_INSCRITE;p-toluène-sulfonchloramide de sodium;
Sulprofos;;NON_INSCRITE;sulprofos;
Tebuthiuron;34014-18-1;NON_INSCRITE;tébuthiuron;
Terbacil;5902-51-2;NON_INSCRITE;terbacil;
Tetrachlorvinphos;22248-79-9;NON_INSCRITE;tétrachlorvinphos;
Tallowamine poly-(éthoxylée/propoxylée) (CAS n° 68213-26-3);68213-26-3;AUTRE_CAS;tallowamine poly-(éthoxylée/propoxylée) (CAS n° 68213-26-3);
C12-C14 alkylsulfate de sodium (CAS n° 85586-07-8);;AUTRE_CAS;C12-C14 alkylsulfate de sodium (CAS n° 85586-07-8);
Acides gras, C14-C18 et C16-C18 insaturés (CAS n° 67701-06-8);;AUTRE_CAS;acides gras, C14-C18 et C16-C18 insaturés (CAS n° 67701-06-8);
Iron pyrophosphate;;NON_INSCRITE;pyrophosphate de fer;
Isoprothiolane;;NON_INSCRITE;isoprothiolane;
Propoxur;;NON_INSCRITE;propoxur;
Propyzamide;23950-58-5;INSCRITE;propyzamide;
Flonicamid;158062-67-0;INSCRITE;flonicamide;
8-Hydroxyquinoline incl. oxyquinoleine;148-24-3;INSCRITE;8-Hydroxyquinoline (oxyquinoleine) | 8-hydroxy quinoleine | sulfate de 8-hydroxy quinoléine;
Acephate;30560-19-1;NON_INSCRITE;acéphate;
Acequinocyl;57960-19-7;INSCRITE;acéquinocyle;
Acetochlor;34256-82-1;NON_INSCRITE;acétochlore;
Acifluorfen;62476-59-9;NON_INSCRITE;acifluorfène;
Ametryn;834-12-8;NON_INSCRITE;amétryne;
Amino acids: gamma aminobutyric acid;;NON_INSCRITE;acides aminés : acide gamma aminobutyrique;
Ammonium carbonate;;NON_INSCRITE;carbonate d'ammonium;
Ammonium sulphamate;;NON_INSCRITE;sulphamate d'ammonium;
Ammonium sulphate;;NON_INSCRITE;sulfate d'ammonium;
Ampropylofos;16606-64-7;NON_INSCRITE;ampropylfos sel de potassium | ampropylofos;
Anthracene oil;;NON_INSCRITE;huile d'anthracène;
Anilophos;;NON_INSCRITE;anilophos;
Atrazine;1912-24-9;NON_INSCRITE;atrazine;
Aureobasidium pullulans (strains DSM 14940 and DSM 14941);;INSCRITE;Aureobasidium pullulans souche DSM 14940 | Aureobasidium pullulans (souche DSM 14940 et DSM 14941) | Aureobasidium pullulans souche DSM 14941;
Azamethiphos;35575-96-3;NON_INSCRITE;azaméthiphos;
Binapacryl;;NON_INSCRITE;binapacryl;
Boric acid;;NON_INSCRITE;acide borique;
Brodifacoum;56073-10-0;NON_INSCRITE;brodifacoum;
Bromethalin;63333-35-7;NON_INSCRITE;brométhaline;
Bromocyclen;;NON_INSCRITE;bromocyclène;
Brofenprox;;NON_INSCRITE;brofenprox;
Bromofenoxim;13181-17-4;NON_INSCRITE;bromophénoxime;
Bromopropylate;18181-80-1;NON_INSCRITE;bromopropylate;
Bromoxynil;1689-99-2 (bromoxynil octanoate) | 1689-84-5 | 56634-95-8 (bromoxynil heptanoate);NON_INSCRITE;bromoxynil phenol | bromoxynil sel d'amine | bromoxynil sel de potassium | bromoxynil heptanoate | bromoxynil butyrate | bromoxil (octanoate, heptanoate) | bromoxynil octanoate | bromoxynil;
Calciferol;50-14-6;NON_INSCRITE;calciférol;
Calcium chloride;;NON_INSCRITE;chlorure de calcium;
Chlorflurenol;2536-31-4;NON_INSCRITE;chlorflurénol;
Chloridazon;1698-60-8;NON_INSCRITE;chloridazone;
Chloropicrin;76-06-2;NON_INSCRITE;chloropicrine;
Chloroxuron;1982-47-4;NON_INSCRITE;chloroxuron;
Ethanedial;;NON_INSCRITE;éthanedial;
Fatty acids: potassium salt - tall oil fatty acid;;NON_INSCRITE;acides gras / acides gras d'huile de tall (sels de potassium);
Fatty alcohols / Aliphatic alcohols;;NON_INSCRITE;alcools gras / Aliphatic alcohols;
Milk albumin;;NON_INSCRITE;albumine de lait;
Merphos;;NON_INSCRITE;merphos;
Benfluralin;1861-40-1;INSCRITE;benfluraline;
Dimoxystrobin;;INSCRITE;dimoxystrobine;
Flutolanil;66332-96-5;INSCRITE;flutolanil;
Fluazinam;79622-59-6;INSCRITE;fluaziname;
Oxadiargyl;39807-15-3;NON_INSCRITE;oxadiargyl;
Oxadixyl;77732-09-3;NON_INSCRITE;oxadixyl;
Nerolidol;;NON_INSCRITE;nerolidol;
Parathion-methyl;298-00-0;NON_INSCRITE;parathion-méthyl;
Phenmedipham;13684-63-4;INSCRITE;phenmédiphame;
Phenols;;NON_INSCRITE;phénols;
Pherodim;;NON_INSCRITE;pherodim;
Pinoxaden;243973-20-8;INSCRITE;pinoxaden;
Paecilomyces fumosoroseus strain FE 9901;;INSCRITE;Paecilomyces fumosoroseus souche FE 9901 | Paecilomyces fumosoroseus strain Fe9901;
Paecilomyces lilacinus strain 251;;INSCRITE;Paecilomyces lilacinus souche 251 | Paecilomyces lilacinus strain 251 | Paecilomyces lilacinus (Thom) Samson 1974 souche 251 (AGAL: no 89/030550);
Lécithine de soja (CAS n° 8002-43-5);8002-43-5;AUTRE_CAS;lécithine de soja (CAS n° 8002-43-5);
Tribenuron;101200-48-0;INSCRITE;tribénuron-méthyl;
Pyridafol;;NON_INSCRITE;pyridafol;
Pythium oligandrum M1;;INSCRITE;Pythium oligandrum SOUCHES: M1 Collection de cultures no ATCC 38472 | Pythium oligandrum M1;
Quizalofop-P-ethyl;;INSCRITE;quizalofop-P-éthyl;
Quizalofop-P-tefuryl;119738-06-6;INSCRITE;quizalofop-P-téfuryl;
Repellents: Fatty acids, fish oil;;NON_INSCRITE;répulsif : acides gras, huiles essentielles;
Rock powder;;NON_INSCRITE;poudre de roche;
Salix spp. cortex;;INSCRITE;Salix spp. cortex;
Scilliroside;507-60-8;NON_INSCRITE;scilliroside;
Sodium 5-nitroguaiacolate;67233-85-6;INSCRITE;5-nitroguaiacolate de sodium;
Tetraconazole;112281-77-3;INSCRITE;tétraconazole;
Esters de phosphate d'alcools gras éthoxylés (CAS n°  68649-29-6);;AUTRE_CAS;esters de phosphate d'alcools gras éthoxylés (CAS n° 68649-29-6);
Iprodione;36734-19-7;NON_INSCRITE;Iprodione;
Iprovalicarb;140923-17-7;INSCRITE;iprovalicarbe;
Isoval;;NON_INSCRITE;isoval;
Isoxathion;;NON_INSCRITE;isoxathion;
Indolylacetic acid;;NON_INSCRITE;acide indolylacétique;
Lavandulyl senecioate;;INSCRITE;Lavandulyl senecioate;
Methabenzthiazuron;18691-97-9;NON_INSCRITE;méthabenzthiazuron;
Methamidophos;10265-92-6;NON_INSCRITE;méthamidophos;
Methazole;;NON_INSCRITE;méthazole;
Methyl bromide;74-83-9;NON_INSCRITE;bromure de méthyl;
Metoxuron;19937-59-8;NON_INSCRITE;métoxuron;
Alkyldimethylbenzyl ammonium chloride;;NON_INSCRITE;chlorure d'alkyldimethylbenzyl ammonium;
Aldrine;;NON_INSCRITE;aldrine;
Aminopyralid;150114-71-9;INSCRITE;aminopyralide sel de potassium | aminopyralide | aminopyralide sel de triisopropanolamine;
Amitrole;61-82-5;NON_INSCRITE;Amitrole;
Ancymidol;12771-68-5;NON_INSCRITE;ancymidole;
Aschersonia aleyrodis;;NON_INSCRITE;Aschersonia aleyrodis;
Asphalts;;NON_INSCRITE;asphalte;
Azafenidin;;NON_INSCRITE;azafénidine;
Aziprotryne;;NON_INSCRITE;aziprotryne;
Azocyclotin;;NON_INSCRITE;azocyclotine;
Azoxystrobin;131860-33-8;INSCRITE;azoxystrobine;
Acrinathrin;101007-06-1;NON_INSCRITE;acrinathrine;
Fluquinconazole;136426-54-5;INSCRITE;fluquinconazole;
Bacillus amyloliquefaciens subsp. plantarum D747;;INSCRITE;Bacillus amyloliquefaciens ssp. plantarum strain D747 | Bacillus amyloliquefaciens ssp. plantarum souche D747 ;
Bacillus amyloliquefaciens FZB24;;INSCRITE;Bacillus amyloliquefaciens souche FZB24;
Bacillus subtilis strain IAB/BS03;;INSCRITE;Bacillus subtilis souche IAB/BS03;
Beauveria bassiana IMI389521;;INSCRITE;Beauveria bassiana IMI389521;
Beauveria bassiana strain 147;;INSCRITE;Beauveria bassiana souche 147;
Beauveria bassiana strain NPP111B005;;INSCRITE;Beauveria bassiana souche NPP111B005;
Bromophos-ethyl;4824-78-6;NON_INSCRITE;bromophos-éthyl;
Chlorphonium chloride;;NON_INSCRITE;chlorure de chlorfonium;
Oryzalin;19044-88-3;NON_INSCRITE;oryzalin;
Dimefuron;34205-21-5;NON_INSCRITE;diméfuron;
Diethatyl (-ethyl);;NON_INSCRITE;diéthatyl-ethyl;
Dimethenamid;;NON_INSCRITE;diméthénamide;
Dinobuton;;NON_INSCRITE;dinobuton;
Diphenamid;;NON_INSCRITE;difénamide;
EDTA and its salts;;NON_INSCRITE;EDTA (et ses sels);
Endosulfan;115-29-7;NON_INSCRITE;endosulfan;
Fenamidone;161326-34-7;NON_INSCRITE;fénamidone;
Fenarimol;60168-88-9;NON_INSCRITE;fénarimol;
Fenchlorphos;;NON_INSCRITE;fenchlorphos;
Spodoptera littoralis nucleopolyhedrovirus;;INSCRITE;Spodoptera littoralis nucleopolyhedrovirus | nucléopolyhédrovirus de Spodoptera littoralis;
C13-C17 sec-alkyl sulfonate de sodium (CAS n° 97489-15-1);85711-69-9;AUTRE_CAS;C13-C17 sec-alkyl sulfonate de sodium (CAS n° 97489-15-1);
Etasulfate de sodium (CAS n° 126-92-1);126-92-1;AUTRE_CAS;etasulfate de sodium (CAS n° 126-92-1);
Fenclorim;40020-05-1;AUTRE_CAS;fenclorime;
Extract from Equisetum;;INSCRITE;extrait de prêle (equisetum);
Fenthiosulf;;NON_INSCRITE;fenthiosulf;
Florpyrauxifen-benzyl;;INSCRITE;florpyrauxifène-benzyle;
Fluacrypyrim;;NON_INSCRITE;fluacrypyrime;
Fenson;;NON_INSCRITE;fenson;
Flucycloxuron;;NON_INSCRITE;flucycloxuron;
Fluazolate;;NON_INSCRITE;fluazolate;
Gamma-cyhalothrin;76703-62-3;INSCRITE;gamma-cyhalothrine;
Gibberellins;77182-82-2;INSCRITE;gibbérellines | gibbérelline A7 | gibbérellines GA4/GA7 | gibbérellines A3 | gibbérelline A4;
Oxydemeton-methyl;301-12-2;NON_INSCRITE;oxydéméton-méthyl;
Oxyfluorfen;42874-03-3;INSCRITE;oxyfluorfène;
Oxytetracycline;;NON_INSCRITE;oxytétracycline;
Papaine;;NON_INSCRITE;papaïne;
Paraffin oil/(CAS 8042-47-5);8042-47-5;INSCRITE;huile de paraffine (CAS 8042-47-5);
p-Dichlorobenzene;;NON_INSCRITE;p-Dichlorobenzène;
Pentanochlor;;NON_INSCRITE;pentanochlore;
Penthiopyrad;183675-82-3;INSCRITE;penthiopyrade;
Peracetic acid;;NON_INSCRITE;acide peracétique;
Permethrin;;NON_INSCRITE;perméthrine;
Petroleum oils;;NON_INSCRITE;huile de pétrole/(CAS 74 869-22-0)) | huile de pétrole/(CAS 92062-35-6) | huile de pétrole/(CAS 64742-55-8/64742-57-7) | huile de pétrole;
Phorate;298-02-2;NON_INSCRITE;phorate;
Phosphamidon;13171-21-6;NON_INSCRITE;phosphamidon;
Phosphoric acid;;NON_INSCRITE;acide phosphorique;
Phoxim;14816-18-3;NON_INSCRITE;phoxime;
p-Hydroxybenzoic acid;;NON_INSCRITE;acide p-Hydroxybenzoïque;
Piperonyl butoxide;;AUTRE_CAS;pipéronyl butoxide;
Pirimiphos-ethyl;;NON_INSCRITE;pyrimiphos-éthyl;
Plant oils / Citronellol;;NON_INSCRITE;huile de plantes / Citronellol;
Plant oils / Coconut oil;;NON_INSCRITE;huile de plantes / huile de noix de coco;
Plant oils / Daphne oil;;NON_INSCRITE;huile de plantes / huile de daphnés;
Plant oils / Garlic oil;;NON_INSCRITE;huile de plantes / huile d'ail;
Propineb;12071-83-9 (monomer), 9016-72-2 (homopolymer);NON_INSCRITE;propinèbe;
Sulfoxaflor;946578-00-3;INSCRITE;sulfoxaflor;
Terbuthylazine;5915-41-3;INSCRITE;terbuthylazine;
Terbutryn;886-50-0;NON_INSCRITE;terbutryne;
Isoxadifen-ethyl;;AUTRE_CAS;isoxadifène-éthyl;
Isocarbophos;;NON_INSCRITE;isocarbophos;
Lecithins;8002-43-5;INSCRITE;lécithine;
lepimectin;;NON_INSCRITE;lépimectine;
Lime phosphate;;NON_INSCRITE;phosphate de chaux;
Malathion;121-75-5;INSCRITE;malathion;
Mamestra brassica nuclear polyhedrosis virus;;NON_INSCRITE;virus de la polyhédrose nucléaire de Mamestra brassica;
Mancopper;53988-93-5;NON_INSCRITE;mancopper;
Mefenacet;;NON_INSCRITE;méfénacet;
Aclonifen;74070-46-5;INSCRITE;aclonifène;
Acridinic bases;;NON_INSCRITE;acridinate;
Candida oleophila strain O;;INSCRITE;Candida oleophila souche O | Candida oleophila strain O;
Carbon monoxide;;NON_INSCRITE;monoxyde de carbone;
Carbon dioxide;124-38-9;INSCRITE;dioxyde de carbone;
Cartap;;NON_INSCRITE;cartap;
Carvone;;INSCRITE;carvone | carvone Melange d/l;
Chlorantraniliprole;500008-45-7;INSCRITE;chlorantraniliprole | Chlorantraniliprole;
Chlorfenvinphos;470-90-6;NON_INSCRITE;chlorfenvinphos;
Chlorfluazuron;;NON_INSCRITE;chlorfluazuron;
Chlorhydrate of poly(iminino imido biguanidine);;NON_INSCRITE;chlorhydrate de polyguanidine (iminino imido biguanidine);
Chlorfenson;;NON_INSCRITE;chlorfenson;
Imazamethabenz;81405-85-8;NON_INSCRITE;imazaméthabenz;
Indolylbutyric acid;133-32-4;INSCRITE;acide indolylbutyrique;
Pseudomonas sp. Strain DSMZ 13134;;INSCRITE;Pseudomonas sp. Strain DSMZ 13134 | Pseudomonas sp. souche DSMZ 13134;
Pyrazoxyfen;;NON_INSCRITE;pyrazoxyfène;
Plant oils / Spearmint oil;;INSCRITE;huile de menthe verte;
Prometryne;7287-19-6;NON_INSCRITE;prométryne;
Rescalure;;INSCRITE;Rescalure;
Rotenone;83-79-4;NON_INSCRITE;roténone;
S-abscisic acid;;INSCRITE;acide S-abscisique;
Propionate de sodium;;NON_INSCRITE;propionate de sodium;
Secbumeton;26259-45-0;NON_INSCRITE;secbuméton;
Propisochlor;135410-20-7;NON_INSCRITE;propisochlor;
Propolis;;NON_INSCRITE;propolis;
Siduron;1982-49-6;NON_INSCRITE;siduron;
Sodium monochloroacetate;;NON_INSCRITE;monochloroacétate de sodium;
Sodium p-t-amylphenoxide;;NON_INSCRITE;p-t-amylphénoxide de sodium;
Sodium silver thiosulphate;;INSCRITE;thiosulphate d'argent;
Pyroquilone;;NON_INSCRITE;pyroquilone;
Sulphur;7704-34-9;INSCRITE;soufre micronisé | soufre | soufre triture | soufre triture ventile | soufre mouillable;
Rimsulfuron;122931-48-0;INSCRITE;rimsulfuron;
Sulphuric acid;;NON_INSCRITE;acide sulphurique;
Sunflower oil;;INSCRITE;huile de plantes / huile de tournesol;
Saccharomyces cerevisiae LAS02;;INSCRITE;Saccharomyces cerevisiae souche LAS02;
Tar oils;;NON_INSCRITE;huile de goudron;
Sintofen;130561-48-7;INSCRITE;sintofène;
Temephos;3383-96-8;NON_INSCRITE;téméphos;
Terbufos;13071-79-9;NON_INSCRITE;terbufos;
Isoxaflutole;141112-29-0;INSCRITE;isoxaflutole;
3-Methyl-3-buten-1-ol;;NON_INSCRITE;3-Méthyl-3-buten-1-ol;
4,6,6-Trimethyl-bicyclo[3.1.1]hept-3-en-ol,((S)-ci;;NON_INSCRITE;4,6,6-Triméthyl-bicyclo[3.1.1]hept-3-en-ol,((S)-cis-verbenol);
4-Chloro-3-methylphenol;;NON_INSCRITE;4-Chloro-3-méthylphenol;
4-CPA;122-88-3;NON_INSCRITE;4-CPA;
4-t-Pentylphenol;;NON_INSCRITE;4-t-Pentylphenol;
7,8-Epoxi-2-methyl-octadecane;;NON_INSCRITE;7,8-Epoxi-2-méthyl-octadecane;
Acibenzolar-S-methyl;135158-54-2;INSCRITE;acibenzolar-S-méthyle;
Calcium hydroxide;;INSCRITE;Calcium hydroxide;
Calcium phosphate;;NON_INSCRITE;phosphate de calcium;
Carbophenothion;786-19-6;NON_INSCRITE;carbophénothion;
Carbosulfan;55285-14-8;NON_INSCRITE;carbosulfan;
Chlorates;;NON_INSCRITE;chlorates | chlorate de sodium | chlorates (de soude, de magnésium, de potassium);
Cholecalciferol;67-97-0;NON_INSCRITE;cholecalciférol;
Cinosulfuron;94593-91-6;NON_INSCRITE;cinosulfuron;
cis-Zeatin;;NON_INSCRITE;cis-zéatine;
Citrus extract/grapefruit extract;;NON_INSCRITE;extrait de citrus/extrait de pamplemousse;
Coumachlor;81-82-3;NON_INSCRITE;coumachlore;
Coumafuryl;;NON_INSCRITE;coumafuryl;
Coumaphos;;NON_INSCRITE;coumaphos;
Coniothyrium minitans strain CON/M/91-08;;INSCRITE;Coniothyrium minitans Souche CON/M/91-08;
Crimidine;535-89-7 | 8011-63-0;NON_INSCRITE;crimidine;
Cryolite;;NON_INSCRITE;cryolite;
Cufraneb;;NON_INSCRITE;cufranèbe;
Cyanamide (H & Ca cyanamide);;NON_INSCRITE;cyanamide calcique | cyanamide (H & Ca cyanamide) | cyanamide hydrogène;
Cresyl;;NON_INSCRITE;Cresyl;
Cyazofamid;120116-88-3;INSCRITE;cyazofamide;
Cyclaniliprole;;NON_INSCRITE;cyclaniliprole;
Cyhexatin;13121-70-5;NON_INSCRITE;cyhéxatin;
Cyproconazole;94361-06-5;NON_INSCRITE;cyproconazole;
Cyprofuram;;NON_INSCRITE;cyprofuram;
Cyprosulfamide;221667-31-8;AUTRE_CAS;cyprosulfamide;
Desmetryne;1014-69-3;NON_INSCRITE;desmétryne;
Dicyclopentadiene;;NON_INSCRITE;dicyclopentadiène;
Didecyldimethylammonium chloride;7173-51-5;NON_INSCRITE;chlorure de didécyldiméthylammonium;
Difenoconazole;119446-68-3;INSCRITE;difénoconazole;
Diflubenzuron;35367-38-5;INSCRITE;diflubenzuron;
Dimepiperate;;NON_INSCRITE;dimépipérate;
Dioctyldimethyl ammonium chloride;;NON_INSCRITE;chlorure de dioctyldiméthyl ammonium;
Dioxacarb;6988-21-2;NON_INSCRITE;dioxacarbe;
Diphenylamine;122-39-4;NON_INSCRITE;diphénylamine;
Diniconazole;76714-88-0;NON_INSCRITE;diniconazole;
Ditalimfos;5131-24-8;NON_INSCRITE;ditalimfos;
Flazasulfuron;104040-78-0;INSCRITE;flazasulfuron;
Florasulam;145701-23-1;INSCRITE;florasulame;
Fluazifop;69806-50-4;NON_INSCRITE;fluazifop;
Fluazifop-P;83066-88-0;INSCRITE;fluazifop-P-butyl | fluazifop-P;
Flubenzimine;37893-02-0;NON_INSCRITE;flubenzimine;
Flufenoxuron;101463-69-8;NON_INSCRITE;flufénoxuron;
Flumetsulam;;NON_INSCRITE;flumétsulame;
Formothion;2540-82-1;NON_INSCRITE;formothion;
Fosamine;25954-13-6;NON_INSCRITE;fosamine;
Fosthiazate;98886-44-3;INSCRITE;Fosthiazate;
Furfural;;NON_INSCRITE;furfural;
Furmecyclox;;NON_INSCRITE;furmécyclox;
Gentian violet;;NON_INSCRITE;gentiane violette;
Guazatine;115044-19-4;NON_INSCRITE;guazatine;
Hexaconazole;79983-71-4;NON_INSCRITE;hexaconazole;
Hexaflumuron;;NON_INSCRITE;hexaflumuron;
Iodosulfuron;185119-76-0;INSCRITE;Iodosulfuron | iodosulfuron-méthyl-sodium;
Sethoxydim;74051-80-2;NON_INSCRITE;séthoxydime;
Sodium dichlorophenate;;NON_INSCRITE;dichlorophénate de sodium;
Calcium phosphide;;NON_INSCRITE;phosphure de calcium;
Pyridalyl;179101-81-6;INSCRITE;pyridalyl;
S-abscissic acid;;INSCRITE;acide S-abscissique;
Diflufenican;83164-33-4;INSCRITE;diflufénicanil;
Lenacil;2164-08-1;INSCRITE;lénacile;
Tri-allate;2303-17-5;INSCRITE;triallate;
Validamycin;;NON_INSCRITE;validamycin;
Goudron de pin;;AUTRE_CAS;goudron de pin;
Alcool ethylique;;AUTRE_CAS;Alcool ethylique;
Silice hydratee;;AUTRE_CAS;Silice hydratee;
Thallium sulphate;;NON_INSCRITE;sulphate thallium;
Amino acids: mix;;NON_INSCRITE;acides aminés : mélange;
Tridiphane;;NON_INSCRITE;tridifane;
Alcools alcoxyles;;AUTRE_CAS;Alcools alcoxyles;
Pyrifenox;88283-41-4;NON_INSCRITE;pyrifénox;
Hydrazide maleique (sels d'amine);;NON_INSCRITE;hydrazide maléïque (sels d'amine);
Polysorbate 20;;AUTRE_CAS;Polysorbate 20;
Formic acid;;NON_INSCRITE;acide formique;
Thiocyclam;;NON_INSCRITE;thiocyclame;
Tolylfluanid;731-27-1;NON_INSCRITE;tolylfluanide;
Esters methyliques d'acides gras;;AUTRE_CAS;Esters methyliques d'acides gras;
(E,Z)-7,9-Dodecadien-1-yl Acetate;;INSCRITE;(E,Z)-7,9-Dodecadien-1-yl Acétate;
Vinclozolin;50471-44-8;NON_INSCRITE;vinclozoline;
Polymere d'amine gras;;AUTRE_CAS;Polymere d'amine gras;
Composition complexe;;AUTRE_CAS;Composition complexe;
Tall oil crude;;NON_INSCRITE;poix d'huile de tall;
Tridemorph;81412-43-3;NON_INSCRITE;tridémorphe;
Zucchini yellow mosaic virus;;NON_INSCRITE;Zucchini yellow mosaic virus | Zucchini yellow mosaic virus (ZYMV mild strain) | Zucchini Yellow Mosaik Virus, weak strain;
EPTC (ethyl dipropylthiocarbamate);759-94-4;NON_INSCRITE;EPTC (éthyl dipropylthiocarbamate);
Paraffine;;AUTRE_CAS;Paraffine;
Colophane;;AUTRE_CAS;Colophane;
Diallate;2303-16-4;NON_INSCRITE;diallate;
Polyoxyethylene amine;;AUTRE_CAS;Polyoxyethylene amine;
Cires de petrole;;AUTRE_CAS;Cires de petrole;
Trichloronate;327-98-0;NON_INSCRITE;trichloronate;
Tribufos (s,s,s-tributyl-phosphorotrithioate);;NON_INSCRITE;tribufos (s,s,s-tributyl-phosphorotrithioate);
Huile de resine;;AUTRE_CAS;Huile de resine;
2-Methyl-6-methylene-2,7-octadien-4-ol (ipsdienol);;NON_INSCRITE;2-Méthyl-6-méthylène-2,7-octadien-4-ol (ipsdienol);
Vernolate;1929-77-7;NON_INSCRITE;vernolate;
Trichlorfon;52-68-6;NON_INSCRITE;trichlorfon;
Trimedlure;;NON_INSCRITE;trimedlure;
Polyether polyol;;AUTRE_CAS;Polyether polyol;
Triadimefon;43121-43-3;NON_INSCRITE;triadiméfone;
2-Methyl-6-methylene-7-octen-4-ol (Ipsenol);;NON_INSCRITE;2-Méthyl-6-méthylène-7-octen-4-ol (Ipsenol);
p-Cresyl acetate;;NON_INSCRITE;acétate de p-Crésyl;
Alcool isodecylique ethoxyle;;AUTRE_CAS;Alcool isodecylique ethoxyle;
Alkyl phenol polyoxyethylene;;AUTRE_CAS;Alkyl phenol polyoxyethylene;
Thiazopyr;;NON_INSCRITE;thiazopyr;
Laminaria digitata;;AUTRE_CAS;Laminaria digitata;
Huile de ricin;;AUTRE_CAS;Huile de ricin;
Glycerol;;AUTRE_CAS;glycérol;
Huile minerale paraffinique;;AUTRE_CAS;Huile minerale paraffinique;
Tolylphtalam;;NON_INSCRITE;tolylphtalam;
Triethanolamine;;AUTRE_CAS;Triethanolamine;
Polymere acetate de vinyle - ester maleique;;AUTRE_CAS;Polymere acetate de vinyle - ester maleique;
Polymere complexe d'ethylene et de propylene;;AUTRE_CAS;Polymere complexe d'ethylene et de propylene;
Ester de polyethylene glycol d'alkylphenol;;AUTRE_CAS;Ester de polyethylene glycol d'alkylphenol;
Tributyltinoxyde;;NON_INSCRITE;tributyltinoxyde;
Huiles blanches de petrole;;AUTRE_CAS;Huiles blanches de petrole;
Copolymere;;AUTRE_CAS;Copolymere;
3,7,7-Trimethylbicyclo[4.1.0]hept-3-ene (3-Carene);;NON_INSCRITE;3,7,7-Trimethylbicyclo[4.1.0]hept-3-ene (3-Carene);
Alkylpolyglucoside;;AUTRE_CAS;Alkylpolyglucoside;
Cires microcristallines;;AUTRE_CAS;Cires microcristallines;
TEPP;;NON_INSCRITE;TEPP;
Huile d'Eucalyptus;;NON_INSCRITE;huile d'Eucalyptus;
essence de térébenthine;;AUTRE_CAS;essence de térébenthine;
2-Ethyl-1,6-dioxaspiro (4,4) nonan (chalcogran);;NON_INSCRITE;2-Ethyl-1,6-dioxaspiro (4,4) nonan (chalcogran);
Liant cellulosique;;AUTRE_CAS;Liant cellulosique;
Thiobencarb;28249-77-6;NON_INSCRITE;thiobencarbe;
Zineb;12122-67-7;NON_INSCRITE;zinèbe;
Triapenthenol;76608-49-6;NON_INSCRITE;triapenthénol;
Asulam;3337-71-1;NON_INSCRITE;asulame | asulame sel sodique;
Mouillant;;AUTRE_CAS;Mouillant;
Brandol (hydroxynonyl-2,6-dinitrobenzene);;NON_INSCRITE;brandol (hydroxynonyl-2,6-dinitrobenzène);
Thiocyanate de sodium;;NON_INSCRITE;thiocyanate de sodium;
Thiofanox;39196-18-4;NON_INSCRITE;thiofanox;
colophane traitée au maléate;;AUTRE_CAS;colophane traitée au maléate;
Tolfenpyrad;;NON_INSCRITE;tolfenpyrade;
Thionazin;;NON_INSCRITE;thionazine;
Cresol;;NON_INSCRITE;Cresol;
Cire;;AUTRE_CAS;cire;
Trifenmorph;;NON_INSCRITE;trifenmorphe;
Alcohol denature;;AUTRE_CAS;Alcohol denature;
Poudre de corne;;AUTRE_CAS;Poudre de corne;
Suif;;AUTRE_CAS;Suif;
Triforine;26644-46-2;NON_INSCRITE;triforine;
(Z)-9-tricosene;;NON_INSCRITE;(Z)-9-tricosene;
1-Methoxy-4-propenylbenzene (Anethole);104-46-1;NON_INSCRITE;1-Methoxy-4-propenylbenzene (Anethole);
Latex synthetique;;AUTRE_CAS;Latex synthetique;
Huile blanche parafinique;;AUTRE_CAS;Huile blanche parafinique;
Thiometon;640-15-3;NON_INSCRITE;thiométon;
Warfarin;81-81-2;NON_INSCRITE;warfarine;
Alkyl polysaccharides;;AUTRE_CAS;Alkyl polysaccharides;
Huile de riccin ethoxylee;;AUTRE_CAS;Huile de riccin ethoxylee;
HBTA (high boiling tar acid);;NON_INSCRITE;HBTA (acide de goudron extrait à haute température);
Alcool polyvinylique;;AUTRE_CAS;Alcool polyvinylique;
Triazamate;112143-82-5;NON_INSCRITE;triazamate;
Ethyloleathe;;AUTRE_CAS;Ethyloleathe;
Thiazafluron;25366-23-8;NON_INSCRITE;thiazafluron;
colorant bleu brillant (acid blue 9);;AUTRE_CAS;colorant bleu brillant (acid blue 9);
Mecoprop;7085-19-0;NON_INSCRITE;mécoprop | mécoprop ester de butoxyéthanol | mécoprop ester de butylglycol | mécoprop ester iso octylique | mécoprop sel d'amine | mécoprop sel de diéthanolamine | mécoprop sel de diméthylamine | mécoprop sel de magnésium | mécoprop sel de monoéthanolamine | mécoprop sel de potassium | mécoprop sel de sodium | mécoprop sels de sodium et de potassium;
trichoderma asperellum strain T34;;INSCRITE;trichoderma asperellum souche T34;
Phosphate d'ammonium;;AUTRE_CAS;Phosphate d'ammonium;
Trans-6-Nonen-1-ol;;NON_INSCRITE;trans-6-Nonen-1-ol;
Huile vegetale;;AUTRE_CAS;Huile vegetale;
Alcools terpeniques;;AUTRE_CAS;alcools terpéniques;
Tralomethrin;66841-25-6;NON_INSCRITE;tralométhrine;
7-Methyl-3-methylene-7-  -octene-1-yl-propionate;;NON_INSCRITE;7-Méthyl-3-methylène-7-octene-1-yl-propionate;
Terbumeton;33693-04-8;NON_INSCRITE;terbumeton;
Gamma-HCH;;NON_INSCRITE;gamma-HCH;
Thiodicarb;59669-26-0;NON_INSCRITE;thiodicarb;
Alkyltrimethyl ammonium chloride;;NON_INSCRITE;chlorure d'alkyltrimethyl ammonium;
Methanol;;AUTRE_CAS;Methanol;
Trifluralin;1582-09-8;NON_INSCRITE;trifluraline;
Dodecanol;;INSCRITE;dodécanol;
2-Methoxypropan-2-ol;;NON_INSCRITE;2-Méthoxypropan-2-ol;
Thiourea;;NON_INSCRITE;thiourée;
Tiocarbazil;;NON_INSCRITE;tiocarbazil;
Tricalcium phosphate;;NON_INSCRITE;phosphate tricalcique;
Aluminosilicate de potassium;;AUTRE_CAS;Aluminosilicate de potassium;
Polymere acrylique;;AUTRE_CAS;Polymere acrylique;
Alkyl phenol oxyethylene;;AUTRE_CAS;Alkyl phenol oxyethylene;
Tetramethrin;;NON_INSCRITE;tétraméthrine;
Vamidothion;2275-23-2;NON_INSCRITE;vamidothion;
Fleur de chaux (chaux eteinte);;AUTRE_CAS;Fleur de chaux (chaux eteinte);
Ester Sulfurique Alcools et Acides Gras Sulfones;;AUTRE_CAS;Ester Sulfurique Alcools et Acides Gras Sulfones;
Trioxymethylen;;NON_INSCRITE;trioxymethylène;
Triazophos;;NON_INSCRITE;triazophos;
Terpinolene;;NON_INSCRITE;terpinolène;
Poix extrait de résine de pin;;AUTRE_CAS;Poix extrait de résine de pin;
Aviglycine HCL;;NON_INSCRITE;aviglycine HCL;
Triazbutyl;;NON_INSCRITE;triazbutyl;
Uniconazole;;NON_INSCRITE;uniconazole;
Huile de petrole;;AUTRE_CAS;Huile de petrole;
Amines grasses de suif ethoxylees;;AUTRE_CAS;Amines grasses de suif ethoxylees;
Tebutam;35256-85-0;NON_INSCRITE;tébutame;
Tetrasul;2227-13-6;NON_INSCRITE;tétrasul;
Thiophanate (ethyl);23564-06-9;NON_INSCRITE;thiophanate (éthyl);
Polymeres d'hydrocarbures;;AUTRE_CAS;Polymeres d'hydrocarbures;
Trietazine;;NON_INSCRITE;triétazine;
Hexamethylene tetramine (urotropin);;NON_INSCRITE;hexaméthylène tetramine (urotropine);
Polyisobutene;;AUTRE_CAS;Polyisobutene;
Cinnamaldehyde;;NON_INSCRITE;cinnamaldéhyde;
DADZ (zinc-dimethylditiocarbamate);;NON_INSCRITE;DADZ (zinc-diméthylditiocarbamate);
Dimethyl polysiloxane;;AUTRE_CAS;Dimethyl polysiloxane;
Octylphenol octaglycol ether;;AUTRE_CAS;Octylphenol octaglycol ether;
Alpha oleine sulfonate de sodium;;AUTRE_CAS;Alpha oleine sulfonate de sodium;
Gomme manille;;AUTRE_CAS;gomme manille;
Dichlorophen;97-23-4 | 97-23-4;NON_INSCRITE;dichlorophène | dichlorophène sel monosodique | dichlorophène sel de sodium;
Tetradifon;116-29-0;NON_INSCRITE;tetradifon;
Carbendazim;10605-21-7;NON_INSCRITE;carbendazime;
Thidiazuron;;NON_INSCRITE;thidiazuron;