"N° CAS";"NOM SA";"NOM UIPAC";"N° EC";"MASSE MOLAIRE (g/mol)";"FORMULE BRUTE";"PURETÉ MINIMALE";"IMPURETÉ(S) PERTINENTE(S)"
"71751-41-2";"abamectine";"mixture of avermectin B1a (min. 80%, masse molaire: 873,1g/mol) and avermectin B1b (max. 20%; masse molaire 859,1g/mol)";"";;"C48 H72 O14";"non fixé";""
"57960-19-7";"acequinocyl";"3-dodecyl-1,4-dihydro-1,4-dioxo-2-naphthyl acetate";"pas disponible";384,5;"C24H32O4";"960 g/kg";""
"135410-20-7";"acetamiprid";"(E)-N1-[(6-chloro-3-pyridyl)methyl]-N2-cyano-N1-methylacetamidine";"pas disponible";222,68;"C10 H11 Cl N4";"990g/kg";""
"135158-54-2";"Acibenzolar-S-methyl";"S-methyl benzo[1,2,3]thiadiazole-7-carbothioate";"pas disponible";210,3;"C8 H6 N2 O S2";"970 g/kg";"Toluene : max 5 g/kg"
"64-19-7";"acide acetique";"acetic acid";"200-580-7";60,049999999999997;"C2H4O2";"980g/kg";""
"65-85-0";"acide benzoique";"benzoic acid";"200-618-2";122,12;"C7 H6 O2";"990 g/kg";""
"77-06-05";"acide gibbérellique";"(3S,3aS,4S,4aS,7S,9aR,9bR,12S)-7,12-dihydroxy-3-methyl-6-methylene-2-oxoperhydro-4a,7-methano-9b,3-propenol(1,2-b)furan-4-carboxylic acid  ou  (3S,3aR,4S,4aS,6S,8aR,8bR,11S)- 6,11-dihydroxy-3-methyl-12-methylene-2-oxo-4a,6-methano-3,8b-prop-lenoperhydroindenol (1,2-b) furan-4-carboxylic acid";"201-001-0";346,37;"C19 H22 O6";"850 g/kg";""
"67701-09-1;334-48-5;124-07-2;143-07-7;112-80-1";"acide gras en C7-C18";"Caprylic Acid, Pelargonic Acid, Capric Acid, Lauric Acid, Oleic Acid";"266-933-2; 206-376-4;204-677-5;205-582-1;204-007-1";;"";"";""
"133-32-4";"acide indolyl butyrique";"4-(1H-indol-3-yl)butyric acid";"205-101-5";203,19999999999999;"C12 H13 N O2";"994 g/kg";""
"112-05-0";"acide pelargonique";"Nonanoic acid";"";158;"C9H18O2";"889 g/kg";""
"86-87-3";"acide 1-naphthylacetique";"1-naphthylacetic acid";"201-705-8";186,19999999999999;"C12 H10 O2";"980 g/kg";""
"74070-46-5";"aclonifen";"2-Chloro-6-nitro-3-phenoxyaniline";"277-704-1";264,7;"C12 H9 Cl N2 O3";"970g/kg";"phenol  max 5 g/kg"
"101007-06-1";"acrinathrine";"(S)-alpha-cyano-3-phenoxybenzyl (Z)-(1R,3S)-2,2-dimethyl-3-[2-(2,2,2-trifluoro-1-trifluoromethylethoxycarbonyl)vinyl]cyclopropanecarboxylate     ou          (S)-alpha-cyano-3-phenoxybenzyl (Z)-(1R)-cis-2,2-dimethyl-3-[2-(2,2,2-trifluoro-1-trifluoromethylethoxycarbonyl)vinyl]cyclopropanecarboxylate";"non disponible";541,4;"C26 H21 F6 N O5";"970 g/kg";"1,3-dicyclohexylurea max 2 g/kg"
"67375-30-8";"Alpha-cypermethrine";"Racemate comprising:  (S)-alpha-cyano-3 phenoxybenzyl-(1R)-cis-3-(2,2-dichlorovinyl)-2,2-dimethylcyclopropanecarboxylate   and  (R)-alpha-cyano-3 phenoxybenzyl-(1S)-cis-3-(2,2-dichlorovinyl)-2,2-dimethylcyclopropanecarboxylate";"pas disponible";416,3;"C22 H19 Cl2 N O3";"980 g/kg";"hexane : max 1g/kg"
"865318-97-4";"amétoctradine";"5-ethyl-6-octyl[1,2,4]triazolo[1,5-a]pyrimidin-7-amine";"pas disponible";275,39999999999998;"C15H25N5";"980 g/kg";"amitrole max 50 mg/kg  o-xylene max 2 g/kg"
"120923-37-7";"amidosulfuron";"1-(4,6-Dimethoxypyrimidin-2-yl)-3-[mesyl(methyl)sulfamoyluree";"407-380-0";369,41;"C9 H17 N5 O7 S2";"970 g/kg";""
"150114-71-9";"aminopyralide";"4-amino-3,6-dichloropyridine-2-carboxylic acid";"-";207,03;"C6H4C12N2O2";"920 g/kg";"Piclorame = max 40 g/kg"
"348635-87-0";"amisulbrom";"3-(3-bromo-6-fluoro-2-methylindol-1-ylsulfonyl)-N,N-dimethyl-1H-1,2,4-triazole-1-sulfonamide";"";466,30000000000001;"C13H13BrFN5O4S2";"985g/kg";"IT-4 max 2 g/kg"
"11141-17-6";"azadirachtin";"	1H,7H-naphtho[1,8-bc:4,4a-c']difuran-5,10a (8H)-dicarboxylic acid,10-(acetyl-oxy) octa hydro-3,5-dihydroxy-dimethyl (2aR,3S,4S,4aR,5S,7aS,8S,10R,10aS,10bR)-10-acetoxy-3,5-dihydroxy-4-[(1aR,2S,3aS,6aS,7S,7aS)-6a-hydroxy-7a-methyl-3a,6a,7,7a-tetrahydro-2,7-methanofuro[2,3-b]oxireno[e]oxepin-1a(2H)-yl]-4-methyl-8-{[(2E)-2-methylbut-2-enoyl]oxy}octahydro-1H-naphtho[1,8a-c:4,5-b'c']difuran-5,10a(8H)-dicarboxylate";"";720,7;"C35H44O16";"> 111 g/kg (exprimée en azadirachtine A)";"somme des aflatoxines B1, B2, G1, G2 = 300 µg/kg de la teneur en azadirachtine A"
"120162-55-2";"azimsulfuron";"1-(4,6-dimethoxypyrimidin-2-yl)-3-[1-methyl-4-(2-methyl-2H-tetrazol-5-yl)-pyrazol-5-ylsulfonyl-]urea";"pas disponible";424,4;"C13 H16 N10 05 S";"980 g/kg";"Phenol max 2 g/kg"
"131860-33-8";"azoxystrobine";"Methyl (E)-2-{2[6-(2-cyanophenoxy)pyrimidin-4-yloxy]phenyl}-3-methoxyacrylate";"pas disponible";403,4;"C22 H17 N3 O5";"930 g/kg";"Teneur maximale en toluène: max 2 g/kg                                                                                                                      Teneur maximale en isomère Z: max 25 g/kg"
"113614-08-7";"beflubutamid";"(RS)-N-benzyl-2-(4-fluoro-3-trifluoromethylphenoxy)butanamide";"";355,12;"C18H17F4NO2";"970 g/kg";""
"71626-11-4";"benalaxyl";"methyl N-(phenylacetyl)-N-(2,6-xylyl)-DL-alaninate";"275-728-7";325,4;"C20 H23 N O3";"960g/kg";""
"98243-83-5";"benalaxyl-M";"methyl N-(phenylacetyl)-N-(2,6-xylyl)-D-alaninate";"pas disponible";325,39999999999998;"C20H23NO3";"950g/kg";""
"1861-40-1";"benfluraline";"N-butyl-N-ethyl-alpha,alpha,alpha-trifluoro-2,6-dinitro-p-toluidine";"217-465-2";335,3;"C13 H16 F3 N3 O4";"960 g/kg";"ethyl-butyl-nitrosamine max 0,085 mg/kg"
"98730-04-2";"benoxacor";"(RS)-4-dichloroacetyl-3,4-dihydro-3-methyl-2H-1,4-benzoxazine";"";260,12;"C11 H11 Cl2 N O2";"";""
"83055-99-6";"bensulfuron-methyle";"methyl alpha-[(4,6-dimethoxypyrimidin-2-ylcarbamoyl)sulfamoyl]-o-toluate";"401-340-6";410,39999999999998;"C16 H18 N4 O7 S";"975g/kg";""
"25057-89-0";"bentazone";"3-isopropyl-(1H)-2,1,3-benzothiadiazin-4(3H)-one-2,2-dioxyde";"246-585-8";240,3;"C10 H12 N2 O3 S";"960g/kg";"1,2-dichloroethane  < 3 mg/kg"
"177406-68-7";"benthiavalicarb-isopropyl";"isopropyl [(S)-1-{[(R)-1-(6-fluoro-1,3-benzothiazol-2-yl) ethyl]carbamoyl}-2-methylpropyl]carbamate";"";381,47;"C18H24FN3O3S";"910 g/kg";"6,6'-difluoro-2,2'- dibenzothiazole: < 3,5 mg/kg                                                                                             Disulfure de bis (2-amino-5-fluorophényl): < 14 mg/kg"
"1072957-71-1";"benzovindiflupyr";"N-[(1RS,4SR)-9-(dichloromethylene)-1,2,3,4-tetrahydro-1,4-methanonaphthalen-5-yl]-3-(difluoromethyl)-1-methylpyrazole-4-carboxamide";"pas disponible";398,19999999999999;"C18H15Cl2F2N3O";"960 g/kg";""
"68359-37-5";"betacyflutrine";"Isomeres (1R-Z)S + (1S-Z)R et (1R-E)S + (1S-E)R de 3-(2,2-Dichlorovinyl)-2,2-dimethylcyclopropane-1-carboxylate de cyano(4-fluoro-3-phenoxyphenyl)methyle";"269-855-7";434,3;"C22 H18 Cl2 F N O3";"965g/kg";""
"149877-41-8";"bifenazate";"Isopropyl 2-(4-methoxybiphenyl-3-yl)hydrazinoformate";"02-06-1590-00";300,4;"C17 H20  N2 O3";"950g/kg";""
"42576-02-3";"bifenox";"methyl 5-(2,4-dichlorophenoxy)-2-nitrobenzoate";"255-894-7";342,14;"C14 H9 Cl2 N O5";"970g/kg";"2,4-dichlorophenol ( 2,4-DCP): max 3 g/kg  2,4-dichloroanisole (,4-DCA): max 6 g/kg"
"581809-46-3";"bixafen";"N-(3',4'-dichloro-5-fluorobiphenyl-2-yl)-3-(difluoromethyl)-1-methylpyrazole-4-carboxamide";"pas disponible";414,21;"C18 H12 Cl2 F3 N3 O";"950 g/kg";""
"188425-85-6";"boscalid";"2-chloro-N-(4'-chlorobiphenyl-2-yl)nicotinamide";"";343,21;"C18 H12 Cl2 N2 0";"960g/kg";""
"28772-56-7";"bromadiolone";"3-[(1RS,3RS;1RS,3SR)-3-(4'-bromobiphenyl-4-yl)-3-hydroxy-1-phenylpropyl]-4-hydroxycoumarin";"249-205-9";527,4;"C30 H23 Br O4";"970 g/ kg";""
"3861-41-4";"bromoxynil butyrate";"2,6- dibromo -4-cyanophenyl butyrate";"223-374-9";347;"C11H9Br2NO2";"967g/kg";""
"56634-95-8";"bromoxynil heptanoate";"2,6-dibromo-4-cyanophenyl heptanoate";"";389,1;"C14 H15 BR2 N02";"930g/kg";""
"1689-99-2";"bromoxynil octanoate";"2,6-dibromo-4-cyanophenyl octanoate";"608-017-00-0";403;"C15 H17 Br2 N O2";"945g/kg";""
"1689-84-5";"bromoxynil phenol";"3,5-Dibromo-4-hydroxybenzonitrile";"216-882-7";276,9;"C7 H3 Br2 N O";"970g/kg";""
"116255-48-2";"bromuconazole";"1-[(2RS,4RS;2RS,4SR)-4-bromo-2-(2,4-dichlorophenyl)tetrahydrofurfuryl]-1H-1,2,4-triazole";"";377;"C13 H12 Br Cl2 N3 O";"960 g/kg";""
"41483-43-6";"bupirimate";"5-butyl-2-ethylamino-6-methylpyrimidin-4-yl dimethylsulfamate";"255-391-2";316,42;"C13 H24 N4 O3 S";"945 g/kg";"Éthirimol: max. 2 g/kg  Toluène: max. 3 g/kg"
"133-06-2";"captane";"N-(trichloromethylthio)cyclohex-4-ene-1,2-dicarboximide";"613-044-00-6";300,59;"C9 H8 Cl3 N O2 S";"910 g/kg";"perchloro mercaptan (PMM) max 5 g/kg  folpet: max 10 g/kg   carbon tetrachloride max 0,1 g/kg"
"16118-49-3";"carbetamide";"(R)-1-(ethylcarbamoyl)ethyl carbanilate";"240-286-6";236,27;"C12 H16 N2 O3";"950 g/kg";""
"5234-68-4";"carboxine";"5,6-dihydro-2-methyl-1,4-oxathiine-3-carboxanilide";"226-031-1";235,3;"C12 H13 N O2 S";"970 g/kg";""
"128639-02-1";"carfentrazone ethyle";"Ethyl (RS)-2-chloro-3-[2-chloro-5-(4-difluoromethyl)-4,5-dihydro-3-methyl- 5-oxo-1H 1,2,4 triazol-1-yl)-4-fluorophenyl]propionate";"pas disponible";412,19;"C15H14Cl2F3N3O3";"910 g/kg";""
"500008-45-7";"chlorantraniliprole";"3-bromo-4'-chloro-1-(3-chloro-2-pyridyl)-2'-methyl-6'-(methylcarbamoyl)pyrazole-5-carboxanilide";"";483,15;"C18H14BrCl2N5O2";"950 g/kg";"acetonitrile max 3 g/kg  3-picoline max 3 g/kg  methane sulfonic acid: max 2 g/kg"
"1698-60-8";"chloridazone";"5-amino-4-chloro-2-phenylpyridazin-3(2H)-one";"216-920-2";221,59999999999999;"C10 H8 Cl N3 O";"920 g/kg";"5-amino-5-chloro-isomer max content: 60 g/kg"
"999-81-5";"chlormequat chloride";"2-(Chloroethyl)trimethylammonium chloride";"213-666-4";158,09999999999999;"C5 H13 Cl2 N";"636 g/kg";"1,2-dichloroethane max 0,1 g/kg dans le chlormequat chloride sec (sans solvant)  chloroethene max 0,0005g/kg dans le chlormequat chloride sec (sans solvant)"
"2921-88-2";"chlorpyriphos-ethyl";"O,O-diethyl-O-3,5,6-trichloro-2-pyridyl phosphorothioate";"015-084-00-4";350,6;"C9 H11 Cl3 N O3 P S";"970g/kg";"O,O,O',O'-tetraethyl dithiopyrophosphate (SULFOTEP) <3 g/kg"
"5598-13-0";"chlorpyriphos-methyl";"O,O-dimethyl-O-3,5,6-trichloro-2-pyridylphosphorothioate";"227-011-5";322,6;"C7 H7 Cl3 N O3 P S";"960g/kg (DOW)    985g/kg (SAP)";"O,O,O,O-tétraméthyle (sulfotemp) et diphosphorodithioate de O,O,O-triméthyle-O- (3,5,6-trichloro-2-pyridinyle) (ester de sulfotemp) max 5g/kg"
"64902-72-3";"chlorsulfuron";"1-[(2-Chlorophenyl)sulfonyl]-3-(4-methoxy-6-methyl-1,3,5-triazine-2-yl)uree";"265-268-5";357,78;"C12 H12 Cl N5 O4 S";"";""
"15545-48-9";"chlortoluron";"3-(3-chloro-p-tolyl)-1,1-dimethylurea";"2395922";212,69;"C10 H13 Cl N2 O";"975 g/kg";""
"143807-66-3";"chromafénozide";"N’-tert-butyl-5-methyl-N’-(3,5-xyloyl)chromane-6-carbohydrazide";"pas disponible";394,50999999999999;"C24H30N2O3";"935g/kg";"Butyl acetate (n-buthyl acetate) max 8g/kg"
"99129-21-2";"clethodim";"(5RS)-2-{(1EZ)-1-[(2E)-3-chloroallyloxyimino]propyl}-5-[(2RS)-2-(ethylthio)propyl]-3-hydroxycyclohex-2-en-1-one";"";359,92;"C17 H26 Cl N O3 S";"930g/kg";"toluène max 4 g/kg"
"105512-06-9";"clodinafop-propargyl";"prop-2-ynyl (R)-2-[4-(5-chloro-3-fluoro-pyridin-2-yloxy)-phenoxy]-propionionate";"";349,8;"C17 H13 Cl F N O4";"950 g/kg";""
"74115-24-5";"clofentezine";"3,6-Bis(2-chlorophenyl)-1,2,4,5-tetrazine";"";303,15;"C14 H8 Cl2 N4";"980g/kg";""
"81777-89-1";"clomazone";"2-(2-Chlorobenzyl)]-4,4-dimethyl-1,2-oxazolidin-3-one";"";239,7;"C12 H14 Cl N O2";"960 g/kg";""
"1702-17-6";"clopyralid";"3,6-dichloropyridine-2-carboxylic acid";"";191,96;"C6 H3 Cl2 N O2";"950 g/kg";""
"99607-70-2";"cloquintocet-mexyl";"(RS)-1-methylhexyl (5-chloroquinolin-8-yloxy)acetate";"";335,8;"C18 H22 Cl N O3";"";""
"210880-92-5";"clothianidine";"(E)-1-(2-chloro-1,3-thiazol-5-ylmethyl)-3-methyl-2-nitroguanidine";"";249,7;"C6 H8 Cl N5 O2 S";"960 g/kg";""
"8011-63-0";"cuivre de la bouillie bordelaise";"traditional mixture of copper (II) sulfate and calcium hydroxide";"pas disponible";;"Ca3Cu4H6O22S4, nH2O";"245 g/kg en cuivre";"cadmium : max 0,1 mg/g Cu, arsenic : 0,1 mg/g Cu, plomb : max 0,3 mg/g Cu, nickel : max 1 mg/g Cu, cobalt : max 3 mg/kg, mercure : max 5 mg/kg, chrome : max 100 mg/kg, antimoine : max 7mg/kg"
"20427-59-2";"cuivre de l'hydroxyde de cuivre";"copper (II) hydroxide ou cupric hydroxide";"243-815-9";97,6;"Cu H2 O2";"573 g/kg en cuivre";"plomb : max 0,3 mg/g Cu, cadmium : max 0,1 mg/g Cu, arsenic : 0,1 mg/g Cu, nickel : max 1 mg/g Cu, cobalt : max 3 mg/kg, mercure : max 5 mg/kg, chrome : max 100 mg/kg, antimoine : max 7 mg/kg"
"1332-40-7 ou 1332-65-6";"cuivre de l'oxychlorure de cuivre";"dicopper (II) chloride trihydroxide";"215-572-9 ou 603-724-0";;"[Cu2H3O3Cl]n";"550 g/kg en cuivre";"cadmium : max 0,1 mg/g Cu, arsenic : 0,1 mg/g Cu, plomb : max 0,3 mg/g Cu, nickel : max 1 mg/g Cu, cobalt : max 3 mg/kg, mercure : max 5 mg/kg, chrome : max 100 mg/kg, antimoine : max 7mg/kg"
"1317-39-1";"cuivre de l'oxyde cuivreux";"copper (I) oxide ou cuprous oxide";"215-270-7";143,14;"Cu2O";"820 g/kg en cuivre";"cadmium : max 0,1 mg/g Cu, arsenic : 0,1 mg/g Cu, plomb : max 0,3 mg/g Cu, nickel : max 1 mg/g Cu, cobalt : max 3 mg/kg, mercure : max 5 mg/kg, chrome : max 100 mg/kg, antimoine : max 7mg/kg"
"12527-76-3 ou 1333-22-8";"cuivre du sulfate tribasique de cuivre";"Copper (II) hydroxide sulfate";"215-582-3";;"Cu4 H6 O10 S, nH2O";"490 g/kg en cuivre";"cadmium : max 0,1 mg/g Cu, arsenic : 0,1 mg/g Cu, plomb : max 0,3 mg/g Cu, nickel : max 1 mg/g Cu, cobalt : max 3 mg/kg, mercure : max 5 mg/kg, chrome : max 100 mg/kg, antimoine : max 7mg/kg"
"736994-63-1";"cyantraniliprole";"3-bromo-1-(3-chloro-2-pyridyl)-4'-cyano-2'-methyl-6'-(methylcarbamoyl)pyrazole-5-carboxanilide";"pas disponible";473,72000000000003;"C19H14BrClN6O2";"940g/kg";"IN-Q6S09 : max 1 mg/kg, IN-RYA13: max 20 mg/kg, acide méthanesulfonique : max 2 g/kg, acétonitrile : max 2 g/kg, heptane : max 7 g/kg, 3-picoline : max 3 g/kg"
"120116-88-3";"cyazofamid";"4-chloro-2cyano-N,N-dimethyl-5-P-tolylimidazole-1-sulfonamide";"";324,8;"C13 H13 Cl N4 O2 S";"935g/kg";""
"101205-02-1";"cycloxidime";"(5RS)-2-[(EZ)-1-(ethoxyimino)butyl]-3-hydroxy-5-[(3RS)-thian-3-yl]cyclohex-2-en-1-one";"405-230-9";325,46;"C17 H27 N O3 S";"940 g/kg (TC)";""
"400882-07-7";"cyflumetofene";"2-methoxyethyl (RS)-2-(4-tert-butylphenyl)-2-cyano-3-oxo-3-(alpha,alpha,alpha-trifluoro-o-tolyl)propionate";"pas disponible";447,44999999999999;"C24H24F3NO4";"975 g/kg";""
"122008-85-9";"cyhalofop butyl";"butyl-(R)-2-[4(4-cyano-2-fluorophenoxy)phenoxy]propionate";"";357,39;"C20 H20 F NO4";"950g/kg";""
"57966-95-7";"cymoxanil";"1-[(E/Z)-2-Cyano-2-methoxyiminoacetyl]-3-ethyluree";"261-043-0";198,18;"C7 H10 N4 O3";"970 g/kg";""
"52315-07-8";"cypermethrine";"(RS)-alpha-cyano-3-phenoxybenzyl-(1RS)-cis, trans-3-(2,2-dichlorovinyl)-2,2-dimethylcyclopropane carboxylate";"";416,30000000000001;"C22 H19 Cl2 NO3";"920g/kg";""
"94361-06-5";"cyproconazole";"(2RS,3RS;2RS,3SR))-2-(4-Chlorophenyl)-3-cyclopropyl-1-(1H-1,2,4-triazol-1-yl)butan-2-ol";"pas disponible";291,8;"C15 H18 Cl N3 O";"940 g/kg";""
"121552-61-2";"cyprodinil";"4-Cyclopropyl-6-methyl-N-phenylpyrimidin-2-amine";"";225,3;"C14 H15 N3";"980 g/kg";""
"221667-31-8";"cyprosulfamide";"N-[4(cyclopropylcarbamoyl)phenyl]sulfonyl]-2-methoxybenzamide";"";374,4;"C18H18N2O5S";"955 g/kg";""
"66215-27-8";"cyromazine";"N-Cyclopropyl-1,3,5-triazine-2,4,6-triamine";"266-257-8";166,19999999999999;"C6 H10 N6";"950 g/kg";""
"1596-84-5";"daminozide";"N-nitrosodimethylaminosuccinamic acid";"216-485-9";160,2;"C6 H12 N2 O3";"990g/kg";"NDMA :max 2 mg/kg et UDMH :max 30 mg/kg"
"533-74-4";"dazomet";"3,5-Dimethyl-1,3,5-thiadiazinane-2-thione     ou     tetrahydro-3,5-dimethyl-1,3,5-thiadiazine-2-thione";"208-576-7";162,28;"C5 H10 N2 S2";"950 g/kg";""
"52918-63-5";"deltamethrine";"(S)-alpha-cyano-3-phenoxybenzyl) (1R,3R)-3-(2,2-dibromovinyl)-2,2-dimethylcyclopropane carboxylate";"258-256-6";505,21;"C22 H19 Br2 N O3";"980g/kg";""
"1918-00-9";"dicamba";"3,6-dichloro-2-methoxybenzoic acid";"217-635-6";221,04;"C8 H6 Cl2 O3";"850 g/kg";""
"15165-67-0";"dichlorprop-P";"(R)-2-(2,4-dichlorophenoxy)propanoic acid";"403-980-1";235,09999999999999;"C9 H8 Cl2 O3";"900 g/kg";""
"257-141-8";"diclofop methyl";"methyl (RS)-2-[4-(2,4-dichlorophenoxy)phenoxy]propionate";"";341,2;"C16 H14 Cl2 O4";"980 g/kg";""
"119446-68-3";"difenoconazole";"3-chloro-4-[(2RS,4RS;2RS,4SR)-4-methyl-2-(1H-1,2,4-triazol-1-ylmethyl)-1,3-dioxolan-2-yl]phenyl 4-chlorophenyl ether";"";406,30000000000001;"C19 H17 Cl2  N3 O3";"940 g/kg";"toluene max 5 g/kg"
"35367-38-5";"diflubenzuron";"1-(4-chlorophenyl)-3-(2,6-difluorobenzoyl)urea";"252-529-3";310,69;"C14 H9 Cl F2 N2 O2";"960g/kg";"4-chloroaniline (PCA)max 0.03 g/kg"
"83164-33-4";"diflufenican";"2',4'-difluoro-2-(alpha,alpha,alpha-trifluoro-m-tolyloxy)nicotinanilide";"";394;"C19H11F5N2O2";"970g/kg";""
"50563-36-5";"dimethachlore";"2-chloro-N-(2-methoxyethyl)acet-2',6'-xylidide";"256-625-6";255,80000000000001;"C13 H18 Cl N O2";"950g/kg";"2,6-dimethylaniline max content 0,5 g/kg"
"163515-14-8";"Dimethenamid-P";"(S)-2-chloro-N-(2,4-dimethyl-3-thienyl)-N-(2-methoxy-1-methylethyl)-acetamide";"pas disponible";275,8;"C12 H18 Cl N O 2 S";"930 g/kg";"1,1,1,2-Tetrachloroethane (TCE) : < 1,0 g/kg"
"110488-70-5";"dimethomorphe";"(E,Z)4-[3-(4-Chlorophenyl)-3-(3,4-dimethoxyphenyl)acryloyl]morpholine";"";387,9;"C21 H22 Cl N O4";"965 g/kg";""
"149961-52-4";"dimoxystrobine";"(E)-o-(2,5-dimethylphenoxymethyl)-2-methoxyimino-N-methylphenylacetamide";"";326,39;"C19 H22 N2 03";"980g/kg";""
"13708-85-5 ou (130184-07-5 ou 16926-95-7)";"disodium phosphanate";"disodium phosphonate";"237-249-1";125,96;"Na2HPO3";"917 g/kg (TC) / 281-337 g/kg (TK)";""
"3347-22-6";"dithianon";"5,10-dihydro-5,10-dioxonaphtho[2,3-b]-1,4-dithiine-2,3-dicarbonitrile";"222-098-6";296,30000000000001;"C14 H4 N2 O2 S2";"930 g/kg";""
"2439-10-3 ";"doguadine";"Acetate de dodecylguanidinium";"607-076-00-X";287,44;"C15 H33 N3 O2";"950g/kg";""
"155569-91-8";"emamectine benzoate";"Emamectin B1a benzoate:	  (10E,14E,16E,22Z)-(1R,4S,5'S,6S,6'R,8R,12S,13S,20R,21R,24S)-6'-[(S)-sec-butyl]-21,24-dihydroxy-5',11,13,22-tetramethyl-2-oxo-(3,7,19-trioxatetracyclo[15.6.1.14,8.020,24]pentacosa-10,14,16,22-tetraene)-6-spiro-2'-(5',6'-dihydro-2'H-pyran)-12-yl 2,6-dideoxy-3-O-methyl-4-O-(2,4,6-trideoxy-3-O-methyl-4-methylamino-a-L-lyxo-hexapyranosyl)-a-L-arabino-hexapyranoside benzoate  Emamectin B1b benzoate:  (10E,14E,16E,22Z)-(1R,4S,5'S,6S,6'R,8R,12S,13S,20R,21R,24S)-21,24-dihydroxy-6'-isopropyl-5',11,13,22-tetramethyl-2-oxo-(3,7,19-trioxatetracyclo[15.6.1.14,8.020,24]pentacosa-10,14,16,22-tetraene)-6-spiro-2'-(5',6'-dihydro-2'H-pyran)-12-yl 2,6-dideoxy-3-O-methyl-4-O-(2,4,6-trideoxy-3-O-methyl-4-methylamino-a-L-lyxo-hexapyranosyl)-a-L-arabino-hexapyranoside benzoate";"";1016;"C56 H81 N O15 and C56 H79 N O15";"950g/kg(benzoate anhydre)";""
"66230-04-4";"esfenvalerate";"(S)-alpha-Cyano-3-phenoxybenzyl-(S)-2-(4-chlorophenyl)-3-methylbutyrate";"";419,9;"C25 H22 Cl N O3";"830g/kg";""
"16672-87-0";"ethephon";"Acide (2-chloroethyl)phosphonique";"240-718-3";144,5;"C2 H6 Cl O3 P";"91 % (TC) 69.2 % (TK";"MEPHA: max 20 g/kg   1,2-dichloroethane: max 0,5 g/kg"
"26225-79-6";"ethofumesate";"(RS)-2-ethoxy-2,3-dihydro-3,3-dimethylbenzofuran-5-yl methanesulfonate";"247-525-3";286,3;"C13 H18 O5 S";"970 g/kg";""
"80844-07-1";"etofenprox";"2-(4-ethoxyphenyl)-2-methylpropyl-3-phenoxybenzylether";"407-980-2";376,47;"C25 H28 O3";"980 g/kg";""
"153233-91-1";"etoxazole";"(RS)-5-tert-butyl-2-[2-(2,6-difluorophenyl)-4,5-dihydro-1,3-oxazol-4-yl]phenetole";"";359,42;"C21 H23 F2 NO2";"948 g/kg";""
"8000-78-0 ou 8008-99-9";"extrait d'ail";"Food grade garlic juice concentrate";"232-371-1";;"C6H10S (DAS1) - Masse molaire= 114,05g/mol; C6H10S2 (DAS2) - Masse molaire= 146,27g/mol  C6H10S3 (DAS3) - Masse molaire= 178,34g/mol; C6H10S4 (DAS3) - Masse molaire= 210,40g/mol";"1000g/kg";""
"131807-57-3";"famoxadone";"(RS)-3-anilino-5-methyl-5-(4-phenoxyphenyl)-1,3-oxazolidine-2,4-dione";"200-835-2";374,4;"C22 H18 N2 04";"960g/kg";"	1,5-diphenylcarbonohydrazide          0.055 g/kg  	2'-phenylacetohydrazide                    0.3 g/kg  	phenylhydrazine                                0.01 g/kg  	benzene                                             0.05 g/kg"
"120928-09-8";"fenazaquin";"4-tert-butylphenethyl quinazolin-4-yl ether";"410-580-0 (ELINCS)";306,4;"C20 H22 N2 O";"975 g/kg";""
"114369-43-6";"fenbuconazole";"(RS)-4-(4-chlorophenyl)-2-phenyl-2-(1H-1,2,4-triazol-1-ylmethyl)butyronitrile";"406-140-2";336,8;"C19 H17 Cl N4";"965 g/kg";""
"126833-17-8";"fenhexamid";"N-(2,3-dichloro-4-hydroxyphenyl)-1-methylcyclohexane-1-carboxamide";"422-530-5";302,2;"C14 H17 Cl2 N O2";"975 g/kg";"toluène : max 1 g/kg et 4-amino-2,3-dichlorophenol : max 3 g/kg"
"71283-80-2";"fenoxaprop-P-ethyl";"ethyl (R)-2-[4-(6-chloro-1,3-benzoxazolyl)oxy)phenoxy]propanoate";"";361,8;"C18 H16 Cl N O5";"920g/kg";""
"79127-80-3";"fenoxycarbe";"ethyl 2-(4-phenoxyphenoxy)ethylcarbamate";"276-696-7";301,4;"C17 H19 N O4";"970 g/kg";"toluene : max 1 g/kg"
"517875-34-2";"fenpicoxamide";"(3S,6S,7R,8R)-8-benzyl-3-{3-[(isobutyryloxy)methoxy]-4-methoxypyridine-2-carboxamido}-6-methyl-4,9-dioxo-1,5-dioxonan-7-yl isobutyrate";"pas disponible";614,63999999999999;"C31 H38 N2 O11";"750 g/kg";""
"67306-00-7";"fenpropidine";"1-[(RS)-3-(4-tert-butylphenyl)-2-methylpropyl]piperidine";"";273,5;"C19 H31 N";"960 g/kg";""
"67564-91-4";"fenpropimorphe";"(RS)-cis-4-[3-(4-tert-butylphenyl)-2-methylpropyl]-2,6-dimethylmorpholine";"266-719-9";303,5;"C20 H33 N O";"930g/kg";""
"473798-59-3";"fenpyrazamine";"S-allyl 5-amino-2,3-dihydro-2-isopropyl-3-oxo-4-(o-tolyl)pyrazole-  1-carbothioate";"";331,43000000000001;"C17H21N3O2S";"960g/kg";"Hydrazine: teneur maximale: < 0,0001 % (1 mg/kg)"
"134098-61-6";"fenpyroximate";"tert-butyl (E)-alpha-(1,3-dimethyl-5-phenoxypyrazol-4-ylmethyleneaminooxy)-p-toluate";"pas disponible";421,5;"C24 H27 N3 O4";"960 g/kg";""
"N/A";"fenugrec (extrait de )";"not relevant";"";;"";"100%";""
"104040-78-0";"flazasulfuron";"1-(4,6-dimethoxypyrimidin-2-yl)-3-(3-trifluoromethyl-2-pyridylsulfonyl)urea";"not available";407,36;"C13 H12 F3 N5 05 S";"960g/kg";""
"158062-67-0";"flonicamid";"N-(cyanomethyl)-4-(trifluoromethyl)-nicotinamide";"";229,16;"C9 H6 F3 N3 O";"96%";""
"145701-23-1";"florasulam";"2',6',8-trifluoro-5-methoxy[1,2,4]triazolo[1,5-c]pyrimidine-2-sulfonanilide";"non disponible";359,3;"C12 H8 03 N5 F3 S";"970 g/kg";"2,6-DFA : max 2 g/kg"
"79241-46-6";"fluazifop P butyl";"butyl (R)-2-{4-[5-(trifluoromethyl)-2-pyridyloxy]phenoxy}propionate";"274-125-6";383,4;"C19 H20 F3 N O4";"900 g/kg";"2-chloro-5-(trifluoromethyl)pyridine (max 1,5 g/kg)"
"79622-59-6";"fluazinam";"3-chloro-N-(3-chloro-5-trifluoromethyl-2-pyridyl)-alpha,alpha,alpha-trifluoro-2,6-dinitro-p-toluidine";"";465,1;"C13 H4 Cl2 F6 N4 O4";"960g/kg";"5-chloro-N-(3-chloro-5-trifluoromethyl-2-pyridyl)-alpha,alpha, alpha-trifluoro-4,6-dinitro-o-toluidine (B-1457) Max 3.0 g/kg"
"131341-86-1";"fludioxonyl";"4-(2,2-difluoro-1,3-benzodioxol-4-yl)-1H-pyrrole-3-carbonitrile";"";248,2;"C12 H6 F2 N2 O2";"950 g/kg";""
"142459-58-3";"flufenacet";"4'-fluoro-N-isopropyl-2-[5-(trifluoromethyl)-1,3,4-thiadiazol-2-yloxy]acetanilide";"";363,34;"C14 H13 F4 N3 02 S";"950g/kg";""
"103361-09-7";"flumioxazine";"N-(7-fluoro-3,4-dihydro-3-oxo-4-prop-2-ynyl-2H-1,4-benzoxazin-6-yl)cyclohex-1-ene-1,2-dicarboximide.";"";354,33;"C19 H15 F N2 04";"960 g/kg";""
"239110-15-7 ";"fluopicolide";"2,6-dichloro-N-[3-chloro-5-(trifluoromethyl)-2-pyridylmethyl]benzamide";"";383,59;"";"970g/kg";"toluene max 0.3 %"
"658066-35-4";"fluopyram";"N-(2-(3-chloro-5-(trifluoromethyl)-2-pyridyl)ethyl)-alpha,alpha,alpha-trifluoro-o-toluamide";"pas disponible";396,72;"C16H11ClF6N2O";"960 g/kg";""
"2699-79-8";"fluorure de sulfuryle";"sulfuryl fluoride";"";102,1;"";"998 g/kg";""
"361377-29-9";"fluoxastrobine";"(E)-{2-[6-(2-chlorophenoxy)-5-fluoropyrimidin-4-yloxy]phenyl}(5,6-dihydro-1,4,2-dioxazin-3-yl)methanone O-methyloxime";"";458,8;"C21 H16 Cl F N4 O5";"940 g/kg";""
"136426-54-5";"fluquinconazole";"3-(2,4-dichlorophenyl)-6-fluoro-2-(1H-1,2,4-triazol-1-yl)quinazolin-4(3H)-one";"411-960-9";376,2;"C16 H8 Cl2 F N5 O";"955 g/kg";""
"61213-25-0";"flurochloridone";"(3RS,4RS;3RS,4SR)-3-chloro-4-chloromethyl-1-(alpha,alpha,alpha-trifluoro-m-tolyl)-2-pyrrolidone (isomers in the ratio 3:1)";"262-661-3";312,12;"C12 H10 Cl2 F3 N O";"940 g/kg (720-740 (trans) et 220-240 (cis))";"toluene max. 8 g/kg"
"69377-81-7";"fluroxypyr";"4-amino-3,5-dichloro-6-fluoro-2-pyridyloxyacetic acid";"pas disponible";255;"C7 H5 Cl2 F N2 O3";"950g/kg";""
"81406-37-3";"fluroxypyr : methylheptyl ester";"1-methylheptyl 2-[(4-amino-3,5-dichloro-6-fluoro-2-pyridinyl)oxy)acetate";"279-752-9";367,3;"C15 H21 Cl2 F N2 03";"950 g/kg";"N-methyl-2-pyrrolidone (NMP): < 3g/kg"
"66332-96-5";"flutolanil";"alpha,alpha,alpha-trifluoro-3'-isopropoxy-o-toluanilide";"";323,3;"C17 H16 F3 N O2";"970g/kg";""
"76674-21-0";"flutriafol";"(RS)-2,4'-difluoro-alpha-(1H-1,2,4-triazol-1-ylmethyl)benzhydryl alcohol";"";301,3;"C16 H13 F2 N3 O";"920 g/kg";"dimethyl sulphate : max 0,1 g/kg  dimethyl formamide: max 1 g/kg  methnol: max 1 g/kg"
"907204-31-3";"fluxapyroxad";"3-(difluoromethyl)-1-methyl-N-(3',4',5'-trifluoro[1,1'-biphenyl]-2-yl)-1H-pyrazole-4-carboxamide";"pas disponible";381,31;"C18 H12 F5 N3 O";"950 g/kg";"toluène : max 1 g/kg"
"133-07-3";"folpel";"N-[(trichloromethyl)thio]phtalimide";"";296,56;"C9 H4 Cl3 N O2 S";"940g/kg";"perchlorométhylmercaptan (R005406):  3,5 g/kg   Tétrachlorure de carbone: 4 g/kg."
"173159-57-4";"foramsulfuron";"1-(4,6-dimethoxypyrimidin-2-yl)-3-(2-dimethylcarbmoyl-5-formamidophenylsulfonyl)urea";"";452,44;"C17 H2 O N6 O7 S";"973g/kg";""
"68157-60-8";"forchlorfenuron";"1-(2-chloro-4-pyridinyl)-3-phenylurea";"pas disponible";247,7;"C12H10ClN3O";"978 g/kg";""
"23422-53-9";"formetanate";"3-[(EZ)-dimethylaminomethyleneamino]phenyl methylcarbamate hydrochloride";"006-031-00-6";257,8;"C11 H15 N3 O2";"910g/kg";""
"39148-24-8";"fosetyl-al";"ethyl hydrogen phosphonate, aluminium salt";"254-320-2";354,1;"C6 H18 Al O9 P3";"960g/kg";""
"98886-44-3";"fosthiazate";"(RS)-S-sec-butyl O-ethyl 2-oxo-1,3-thiazolidin-3-ylphosphonothioate";"";283,36;"C9 H18 N O3 P S2";"930g/kg";""
"76703-62-3";"gamma cyhalothrine";"(S)-alpha-cyano-3-phenoxybenzyl (1R)-cis-3-[(Z)-2-chloro-3,3,3-trifluoropropenyl]-2,2-dimethylcyclopropanecarboxylate";"";449,85;"C23H19ClF3NO3";"980 g/kg";""
"8030-53-3 (mélange)";"gibberelline A4 A7";"GA4: (3S,3aR,4S,4aR,7R,9aR,9bR,12S)-12-hydroxy-3-methyl-6- methylene-2-oxoperhydro-4a,7-methano-3,9b -propanoazuleno[1,2-b]furan-4-carboxylic acid  GA7: (3S,3aR,4S,4aR,7R,9aR,9bR,12S)-12-hydroxy-3-methyl-6- methylene-2-oxoperhydro-4a,7-methano-9b,3 -propanoazuleno[1,2-b]furan-4-carboxylic acid";"";662,79999999999995;"Gibbereline A4 : C19 H24 O5  Giberelline A7 : C19 H22 O5";"852 g/kg";""
"1071-83-6";"glyphosate";"N-(Phosphonomethyl)glycine";"213-997-4";169,09999999999999;"C3 H8 N O5 P";"950g/kg";"Formaldéhyde   max 1g/kg   ,   	N-Nitroso-glyposat  max 1 mg/kg"
"943831-98-9";"halauxifen-methyl";"methyl 4-amino-3-chloro-6-(4-chloro-2-fluoro-3-methoxyphenyl)pyridine-2-carboxylate";"pas disponible";347,17000000000002;"C14H13Cl2FN2O3";"930 g/kg";""
"100784-20-1";"halosulfuron-méthyl";"methyl 3-chloro-5-(4,6-dimethoxypyrimidin-2-  ylcarbamoylsulfamoyl)-1-methylpyrazole-4-carboxylate";"pas disponible";434,81999999999999;"C13H15ClN6O7S";"980g/kg";""
"72619-32-0";"haloxyfop-R : ester methylique";"methyl (R)-2-{4-[3-chloro-5-(trifluoromethyl)-2-pyridyloxy]phenoxy}propionate";"";375,52;"C16 H13 Cl F3 N O4";"940 g/kg";""
"870721-81-6";"heptamaloxyloglucan";"";"";1078;"C40 H70 O33";"780 g/kg";"Patulin max 50 µg/kg"
"78587-05-0";"hexythiazox";"(4RS,5RS)-5-(4-Chlorophenyl)-N-cyclohexyl-4-methyl-2-oxo-1,3-thiazolidine-3-carboxamide";"pas disponible";352,9;"C17 H21 Cl N2 O2 S";"976 g/kg";""
"8002-13-9";"huile de colza";"Rüböl, refined";"232-299-0";;"";"1000 g/kg (100%)";"erucic acid max. 2%"
"8000-34-8";"huile de girofle";"";"";;"";"800 g/kg";""
"8008-79-5";"huile de menthe verte";"Spearmint oil";"";150,21;"";"550 g/kg (L-carvone)";""
"64742-46-7";"huile de paraffine (CAS 64742-46-7)";"paraffin oil";"265-148-2";;"C11-C25";"Pharmacopée européenne 6.0";"Pharmacopée européenne 6.0"
"72623-86-0";"huile de paraffine (CAS 72623-86-0)";"paraffin oil";"276-737-9";;" C15 à C30";"Pharmacopée européenne 6.0";"Pharmacopée européenne 6.0"
"97862-82-3";"huile de paraffine (CAS 97862-82-3";"paraffin oil";"308-132-3";;"C11 à C30";"Pharmacopée européenne 6.0";"Pharmacopée européenne 6.0"
"8028-48-6 (orange oil)";"huile essentielle d'orange";"(R)-1-methyl-4-(1-methylethenyl)cyclohexene (d-limonene)";"";136,19999999999999;"";"945 - 965 d-limonene";""
"123-33-1";"hydrazide maleique";"6-hydroxy-2H-pyridazin-3-one";"204-619-9";;"	C4H4N2O2";"979 g/kg";"hydrazine: max 0,028mg/kg"
"298-14-6";"hydrogénocarbonate de potassium";"potassium hydrogen carbonate";" 206-059-0";100,12;"KHCO3";"99,5%";"Pb: max. 10 mg/kg    As: max. 3 mg/kg"
"148-24-3";"hydroxy-8-quinoleine";"8-quinolinol";"205-711-1";145,16;"C9H7NO";"99%";""
"10004-44-1";"hymexazol";"5-methylisoxazol-3-ol (or 5-methyl-1,2-oxazol-3-ol)";"233-000-6";99,15;"C4 H5 N O2";"985g/kg";""
"35554-44-0";"imazalil";"(RS)-1-(beta-allyloxy-2,4-dichlorophenethyl)imidazole  ou  allyl(RS)-1-(2,4-dichlorophenyl)-2-imidazol-1-ylethyl ether";"252-615-0";297,18;"C14 H14 Cl2 N2 O";"950 g/kg (racemic)";""
"114311-32-9";"imazamox";"2-[(RS)-4-isopropyl-4-methyl-5-oxo-2-imidazolin-2-yl]-5-methoxymethylnicotinic acid";"";305,34;"C15 H19 N3 O4";"950g/kg";"ion cyanure» (CN–): max  5 mg/kg"
"81335-37-7";"imazaquine";"2-[(RS)-4-isopropyl-4-methyl-5-oxo-2-imidazolin-2-yl]quinoline-3-carboxylic acid";"";311,3;"C17 H17 N3 O3";"960 g/kg";""
"138261-41-3";"imidaclopride";"(E)-1-(6-chloro-3-pyridylmethyl)-N-nitroimidazolidin-2-ylideneamine";"pas disponible";255,7;"C9 H10 Cl N5 O2";"970 g/kg";""
"173584-44-6";"indoxacarbe";"methyl (S)-7-chloro-2,3,4a,5-tetrahydro-2-[methoxycarbonyl(4-trifluoromethoxyphenyl)carbamoyl]indeno[1,2-e][1,3,4]oxadiazine-4a-carboxylate";"";527,84;"C22 H17 Cl F3 N3O7";"628g/kg";""
"144550-36-7";"iodosulfuron";"sodium ({[5-iodo-2-(methoxycarbonyl)phenyl]sulfonyl}carbamoyl)(4-methoxy-6-methyl-1,3,5-triazin-2-yl)azanide";"pas disponible";529,28;"C14 H13 I N5 Na O6 S";"910g/kg iodosulfuron-methyl-sodium";""
"125225-28-7";"ipconazole";"(1RS,2SR,5RS;1RS,2SR,5SR)-2-(4-chlorobenzyl)-5-isopropyl-1-(1H-1,2,4-triazol-1-ylmethyl)cyclopentanol";"";333,89999999999998;"C18H24ClN3O";"955 g/kg (cis: 875-930; trans: 65-95)";""
"140923-17-7";"iprovalicarbe";"isopropyl 2-methyl-1-{[(RS)-1-p-tolylethyl]carbamoyl}-(S)-propylcarbamate";"";320,5;"C18 H28 N2 03";"950g/kg";"	toluene: max. 3 g/kg"
"875915-78-9";"isofétamide";"N-[1,1-dimethyl-2-(4-isopropoxy-o-tolyl)-2-oxoethyl]-3-methylthiophene-2-carboxamide";"pas disponible";359,48000000000002;"C20 H25 N O3 S";"950 g/kg";""
"881685-58-1";"isopyrazam";"A mixture of 3-(difluoromethyl)-1-methyl-N-[(1RS,4SR,9RS)-1,2,3,4-tetrahydro-9-isopropyl-1,4-methanonaphthalen-5-yl]pyrazole-4-carboxamide (syn-isomer) and the anti-isomer";"";359,39999999999998;"C20 H23 F2 N3 O";"920 g/kg";""
"82558-50-7";"isoxaben";"N-[3-(1-Ethyl-1-methylpropyl)-1,2-oxazol-5-yl]-2,6-dimethoxybenzamide";"407-190-8";332,4;"C18 H24 N2 O4";"910 g/kg";"toluène max 3 g/kg"
"141112-29-0";"isoxaflutole";"(5-cyclopropyl-1,2-oxazol-4-yl)(alpha,alpha,alpha-trifluoro-2-mesyl-p-tolyl)methanone";"pas disponible";359,31999999999999;"C15 H12 F3 N 04 S";"972g/kg";""
"1332-58-7";"kaolin";"pas disponible";"310-127-6";;"Hydrous aluminium silicate: Al4 Si4 010 (OH)8                                                                                                                   Calcined Aluminium silicate: Al4Si4O14                                                                                                                                    masse molaire approx. 258 g/mol de silicate d'aluminium hydraté";"999,8g/kg";""
"61790-53-2";"kieselgur (terre à diatomées)";"";"";;"";"1000g/kg (min content of amorphous silica of 800 g/kg)";"crystalline silica with particle size  below 10 µm maximum 1 g/kg"
"143390-89-0";"kresoxim methyl";"methyl (E)-methoxyimino[a-(o-tolyloxy)-o-tolyl]acetate";"";313,3;"C18 H19 N O4";"910 g/kg";"Méthanol: max. 5 g/kg Chlorure de méthyle: max. 1g/kg Toluène: max. 1g/kg"
"91465-08-6";"lambda cyhalothrine";"A 1:1 mixture of:  (R)-a-cyano-3-phenoxybenzyl (1S,3S)-3-[(Z)-2-chloro-3,3,3-trifluoropropenyl]-2,2-dimethylcyclopropanecarboxylate and (S)-a-cyano-3-phenoxybenzyl (1R,3R)-3-[(Z)-2-chloro-3,3,3-trifluoropropenyl]-2,2-dimethylcyclopropanecarboxylate or of (R)-a-cyano-3-phenoxybenzyl (1S)-cis-3-[(Z)-2-chloro-3,3,3-trifluoropropenyl]-2,2-dimethylcyclopropanecarboxylate and (S)-a-cyano-3-phenoxybenzyl (1R)-cis-3-[(Z)-2-chloro-3,3,3-trifluoropropenyl]-2,2-dimethylcyclopropanecarboxylate";"415-130-7";449,9;"C23 H19 Cl F3 N O3";"900 g/kg";""
"9008-22-4";"laminarine";"(1,3)-beta-D-glucan ";"232-712-4";4860;"(C6 H12 O5 )n       n = 20 to 30    Poids moléculaire: 3240 -4860g/mol";"860 g/kg de matière sèche (TC) , 60g/L (min 50g/L, max 70g/L) (TK)";""
"2164-08-1 ";"lenacile";"3-cyclohexyl-1,5,6,7-tetrahydrocyclopentapyrimidine-2,4(3H)-dione";"218-499-0";234,30000000000001;"C13 H18 N2 O2";"975 g/kg";""
"8018-01-7 (formerly 8065-67-5)";"mancozebe";"manganese ethylenebis (dithiocarbamate) (polymeric) complex with zinc salt";"006-076-00-1";271,3;"(C4 H6 Mn N2 S4)x (Zn)y";"850g/kg";"ethylene thiourea (ETU) < 0.3 %w/w"
"173662-97-0";"mandestrobine";"(RS)-2-methoxy-N-methyl-2-[a-(2,5-xylyloxy)-o-tolyl]acetamide";"pas disponible";313,38999999999999;"C19H23NO3";"940g/kg (TC),919g/kg (TK)";"Xylenes (ortho, meta, para) ethyl benzene max. 5 g/kg (TK)"
"374726-62-2";"mandipropamide";"(RS)-2-(4-chlorophenyl)-N-[3-methoxy-4-(prop-2-ynyloxy)phenethyl]-2-(prop-2-ynyloxy)acetamide";"pas disponible";411,9;"C23 H22 Cl N O4";"930 g/kg";"SYN 545038 : max 0.1 g/kg"
"94-74-6";"MCPA";"4-chloro-o-tolyloxyacetic acid";"202-360-6";200,6;"C19 H9 Cl O3";"930 g/kg";""
"94-81-5";"MCPB";"4-(4-CHLORO-o-TOLYLOXY)BUTYRIC ACID,";"607-053-00-4";228,7;"C11 H13 Cl 03";"920 g/kg";""
"16484-77-8";"mecoprop-P";"((R)-2-(4-chloro-o-tolyloxy)propionic acid";"240-539-0";214,65;"C10 H11 Cl O3";"860g/kg";""
"135590-91-9";"mefenpyr diethyl";"diethyl 1-(2,4-dichlorophenyl)-5-methyl-2-pyrazoline-3,5-dicarboxylate";"603-923-2";373,26;"C16 H18 Cl2 N2 04";"940 g/kg";""
"1417782-03-6";"méfentrifluconazole";"(2RS)-2-[4-(4-chlorophenoxy)-a,a,a-trifluoro-o-tolyl]-1-(1H-1,2,4-triazol-1-yl)propan-2-ol";"n.a.";397,80000000000001;"C18H15ClF3N3O2";"970 g/kg";"N, N-dimethylformamide : max 0.5 g/kg  Toluene : max 1 g/kg  1,2,4-(1H)-triazole : max 1 g/kg"
"a-terpi: 99-86-5; p-cym: 99-87-6; d-limo:5986-27-5";"Mélange de terpénoïdes QRD 460";"a-terpinene: 1-isopropyl-4-methylcyclohexa-1,3-diene  p-cymene: 1-isopropyl-4-methylbenzene  d-limonene: (R)-4-isopropenyl-1-methylcyclohexene";"a-terpi:202-795-1;p-cym:202-796-7;d-limo:227-813-5";;"a-terpinene: C10H16 - masse molaire: 136,23g/mol  p-cymene: C10H14- masse molaire: 134,22g/mol  d-limonene: C10H16 - masse molaire: 136,23g/mol";"a-terpinene: 89%, p-cymene:97%, d-limonene:93%";""
"110235-47-7";"mepanipyrim";"N-(4-methyl-6-prop-1-ynyl-1-pyrimidin-2yl)aniline";"";223,3;"C14 H13 N3";"960g/kg";""
"24307-26-4";"mepiquat-chlorure";"1,1-dimethylpiperidinium chloride";"246-147-6";149,7;"C7 H16 Cl N";"615-665 g/L (TK) corresponding to 990 g/kg (TC)";""
"6119-92-2";"meptyldinocap";"	(RS)-2,4-dinitro-6-(octan-2-yl)phenyl (2 E/Z)-but-2-enoate";"228-088-8";364,4;"C18H24N2O6";"900g/kg";"2,6-dinitro-4-[(4RS)- octane-4- yl]phényl (2E/Z)-but-2-énoate teneur maximale: 0,4 g/kg"
"208465-21-8";"mesosulfuron methyl";"methyl 2-[(4,6-dimethoxypyrimidin-2-ylcarbamoyl)sulfamoyl]-alpha-(methanesulfonamido)-p-toluate";"";503,50999999999999;"C17 H21 N5 09 S2";"930g/kg";""
"104206-82-8";"mesotrione";"2-(4-(mesyl-2-nitrobenzoyl) cyclohexanedione-1,3-dione";"609-064-00";339,3;"C14 H13 N O7 S";"920g/kg";"R287431  max 2 mg/kg  R287432  max 2 g/kg  1,2-dichloroethane  max 1 g/kg"
"70630-17-0";"metalaxyl-M";"methyl N-(methoxyacetyl)-N-(2,6-xylyl)-D-alaninate or methyl  (R)-2-{[(2,6-dimethylphenyl)methoxyacetyl] amino}-propionate";"";279,3;"C15 H21 N 04";"920 g/kg";"2,6-diméthylphénylamine: teneur maximale: 0,5 g/kg                                                                                             4-méthoxy-5-méthyl-5H- [1,2]oxathiole 2,2-dioxide: teneur maximale: 1 g/kg                                       Acide 2-[(2,6-Diméthyl-phényl)-(2-méthoxyacetyl)-amino]-propionique 1-méthoxycarbonyl-ester éthylique: teneur maximale: 0,18 g/kg"
"108-62-3 (tetramer)";"metaldehyde";"r-2,c-4,c-6,c-8-tetramethyl-1,3,5,7-tetroxocane  ou  2,4,6,8-tetramethyl-1,3,5,7-tetraoxacyclooctane";"605-005-00-7";176,2;"C8 H16 O4 (tetramer)";"985 g/kg";"acetaldehyde max 1.5 g/kg"
"41394-05-2";"metamitrone";" 4-amino-4,5-dihydro-3-methyl-6-phenyl-1,2,4-triazin-5-one";"255-349-3";202,22;"C10 H10 N4 O";"980 g/kg";""
"67129-08-2";"metazachlore";"2-chloro-N-(pyrazol-1-ylmethyl)acet-2',6'-xylidide";"266-583-0";277,80000000000001;"C14 H16 Cl N3 O";"950 g/kg";"toluene (max 0.01 %)"
"125116-23-6 (unstated stereochemistry)";"metconazole";"(1RS,5RS:1RS,5SR)-5-(4-chlorobenzyl)-2,2-dimethyl-1-(1H-1,2,4-triazol-1-ylmethyl)cyclopentanol";"";319,8;"C17 H22 Cl N3 O";"940 g/kg";""
"161050-58-4";"methoxyfenozide";"N-tert-Butyl-N'-(3-methoxy-o-toluoyl)-3,5-xylohydrazide";"605-245-2";368,47;"C22 H28 N2 O3";"970g/kg";"RH-116267: max 0.2% w/w  tert-butylhydrazine (RH-84078/RH-99838):max  <1ppm"
"9006-42-2";"metiram-zinc";"zinc ammoniate ethylenebis(dithiocarbamate) - poly(ethylenebis(thiuram disulfide)";"";1088,6;"(C16 H33 N11 S16 Zn3)x";"840g/kg";"éthylènethiourée : max 0,5 % of metiram"
"3060-89-7";"metobromuron";"3-(4-bromophenyl)-1-methoxy-1-methylurea";"221-301-5";259,11;"C9 H11 Br N2 O2";"978g/kg";""
"139528-85-1";"metosulam";"2',6'-dichloro-5,7-dimethoxy-3'-methyl[1,2,4]triazolo[1,5-a]pyrimidine-2-sulfonanilide";"";418,26;"C14 H13 Cl2 N5 O4 S";"980g/kg";""
"220899-03-6";"metrafenone";"3'-bromo-2,3,4,6'-tetramethoxy-2',6-dimethylbenzophenone";"";409,27;"C19 H21 Br O5";"940g/kg";""
"21087-64-9";"metribuzine";"4-amino-6-tert-butyl-4,5-dihydro-3-methylthio-1,2,4-triazin-5-one";"244-209-7";214,29;"C8 H14 N4 O S";"930 g/kg";""
"74223-64-6";"metsulfuron methyle";"Methyl 2-(4-METHOXY-6-METHYL-1,3,5-TRIAZIN-2-YLcarbamoylsulfamoyl)benzoate";"";381,4;"C14 H15 N5 O6 S";"967g/kg";""
"51596-10-2";"milbemectine";"mixture of 70%(10E,14E,16E)-(1R,4S,5'S,6R,6'R,8R,13R,20R,21R,24S)-6'-ethyl-21,24-dihydroxy-5',11,13,22-tetramethyl-(3,7,19-trioxatetracyclo[15.6.1.14,8.020,24]pentacosa-10,14,16,22-tetraene)-6-spiro-2'-(tetrahydropyran)-2-one";"";542,7;"mélange  de C31 H44 07 et de C32 H46 O7";"950g/kg";""
"88671-89-0";"myclobutanil";"(RS)-2-(4-chlorophenyl)-2-(1H-1,2,4-triazol-1-ylmethyl)hexanenitrile";"410-400-0";288,80000000000001;"C15 H17 Cl N4";"925 g/kg";"1-methyl-2-pyrrolidone max. 1 g/kg"
"15299-99-7";"napropamide";"(RS)-N,N-diethyl-2-(1-naphthyloxy)propionamide";"";271,36;"C17 H21 N O2";"930g/kg";"toluene max 0,14 %"
"111991-09-4";"nicosulfuron";"1-(4,6-dimethoxypyrimidin-2-yl)-3-(3-dimethylcarbamoyl-2-pyridylsulfonyl)urea  ou  2-[(4,6-dimethoxypyrimidin-2-ylcarbamoyl)sulfomoyl]-N,N-dimethylnicotinamide";"";410,4;"C15 H18 N6 O6 S";"930 g/kg";""
"19044-88-3";"oryzalin";"3,5-dinitro-N4,N4-dipropylsulfanilamide";"242-777-0";346,39999999999998;"C12 H18 O6 N4 S";"960 g/kg";"N-nitrosodipropylamine: max 0.1 mg/kg - toluene : max 4 g/kg"
"23135-22-0";"oxamyl";"(EZ)-N,N-dimethyl-2-methylcarbamoyloxyimino-2-(methylthio)acetamide";"245-445-3";219,36;"C7 H13 N3 O3 S";"970g/kg";""
"1003318-67-9";"oxathiapiprolin";"1-(4-{4-[(5RS)-5-(2,6-difluorophenyl)-4,5-dihydro-1,2-oxazol-3-  yl]-1,3-thiazol-2-yl}-1-piperidyl)-2-[5-methyl-3-(trifluoromethyl)-  1H-pyrazol-1-yl]ethanone";"pas disponible";539,52999999999997;"C24H22F5N5O2S";"950g/kg";""
"42874-03-3";"oxyfluorfene";"2-chloro-alpha,alpha,alpha-trifluoro-p-tolyl 3-ethoxy-4-nitrophenyl ether";"255-983-0";361,7;"C15 H11 Cl F3 N O4";"970 g/kg";"N,N-diméthylnitrosamine: au maximum 50 µg/kg"
"76738-62-0";"paclobutrazol";"(2RS,3RS)-1-(4-Chlorophenyl)-4,4-dimethyl-2-(1H-1,2,4-triazol-1-yl)pentan-3-ol";"266-325-7";293,8;"C15 H20 Cl N3 O";"930 g/kg";""
"66246-88-6";"penconazole";"(RS)-1-[2-(2,4-dichlorophenyl)pentyl]-1H-1,2,4-triazole";"";284,19999999999999;"C13 H15 Cl2 N3";"950g/kg";""
"66063-05-6";"pencycuron";"1-(4-Chlorobenzy)1-cyclopentyl-3-phenylurea";"266-096-3";328,8;"C19 H21 Cl N2 O";"980 g/kg";""
"40487-42-1";"pendimethaline";"N-(1-ethylpropyl)-2,6-dinitro-3,4-xylidene";"609-042-00-X";281,3;"C13 H19 N3 O4";"900g/kg";"1,2-dichloroethane max 1g/kg ;Composés N-Nitroso totaux: max 100 ppm,  dont N-nitro-pendiméthaline: <45 ppm."
"219714-96-2";"penoxsulame";"3-(2,2-difluoroethoxy)-N-(5,8-dimethoxy[1,2,4]triazolo[1,5-c]pyrimidin-2-yl)-alpha,alpha,alpha-trifluorotoluene-2-sulfonamide";"";483,37;"";"980g/kg";""
"183675-82-3";"penthiopyrad";"(RS)-N-[2-(1,3-dimethylbutyl)-3-thienyl]-1-methyl-3-(trifluoromethyl)pyrazole-4-carboxamide";"";359,39999999999998;"C16H20F3N3OS";"980g/kg";""
"106700-29-2";"pethoxamid";"2-chloro-N-(2-ethoxyethyl)-N-(2-methyl-1-phenylprop-1-enyl)acetamide";"600-765-6";295,80000000000001;"C16H22ClNO2";"940g/kg";"toluene max 3g/kg"
"13684-63-4";"phenmediphame";"methyl 3-(3-methylcarbaniloyloxy)carbanilate";"";300,32;"C16 H16 N2 O4";"970g/kg";""
"732-11-6";"phosmet";"O,O-dimethyl S-phthalimidomethyl phosphorodithioate";"211-987-4";317,3;"C11 H12 N O4 P S2";"95 %";"phosmet oxon max 0,8 g/kg  iso phosmet: max 0,4 g/kg"
"10045-86-0";"phosphate ferrique";"ferric phosphate";"233-149-7";150,81999999999999;"Fe PO4";"703 g/kg phosphate ferrique (équivalent à 260 g/kg fer et 144 g/kg phosphore)";"Plomb : max 3 mg/kg, Mercure : max 0,1 mg/kg et Cadmium : max 1 mg/kg"
"20859-73-8";"phosphure d'aluminium";"aluminium phosphide";"244-088-0";57,96;"";"830 g/kg";""
"1305-99-3";"phosphure de calcium";"Calcium phosphide";"";182,19;"Ca3P2";">160g/kg";""
"12057-74-8";"phosphure de magnesium";"magnesium phosphide";"235-023-7";134,9;"Mg3 P2";"880 g/kg";""
"7803-51-2";"phosphure d'hydrogene";"phosphine";"232-260-8";34,04;"H3 P";"994g/kg";""
"1918-02-1 ";"piclorame";"4-amino-3,5,6-trichloropyridine-2-carboxylic acid";"";241,48;"C6 H3 Cl3 N2 O2";"920g/kg sur masse sèche";""
"26952-20-5";"piclorame : ester isooctylique";"iso-octyl 4-amino-3,5,6-trichloropyridine-2-carboxylate";"";;"C14 H19 Cl3 N2 O2";"";""
"2545-60-0";"piclorame : sel de potassium";"potassium 4-amino-3,5,6-trichloropyridine-2-carboxylate";"";280,6;"C6 H2 Cl3 N2 O2 . K";"";""
"6753-47-5";"piclorame sel d'isopropylamine";"(2RS,2'RS,2''RS)-tris(2-hydroxypropyl)ammonium 4-amino-3,5,6-trichloropicolinate";"";;"";"";""
"137641-05-5";"picolinafen";"4'-fluoro-6-(alpha, alpha, alpha,-trifluoro-m-tolyloxy)pyridine-2-carboxanilide";"pas disponible";376,3;"C19 H12 F4 N2 02";"980 g/kg";""
"243973-20-8";"pinoxaden";"8-(2,6-diethyl-p-tolyl)-1,2,4,5-tetrahydro-7-oxo-7H-pyrazolo[1,2-d][1,4,5]oxadiazepin-9-yl 2,2-dimethylpropionate";"pas disponible";400,5;"C23 H32 N2 O4";"970 g/kg";"Toluène : max 1 g/kg"
"51-03-6";"piperonyl butoxide";"5-{[2-(2-butoxyethoxy)ethoxy]methyl}-6-propyl-1,3-benzodioxole";"200-076-7";338,43000000000001;"C19H30O5";"940 g/kg";"Safrole (max. content 0.004% w/w)  Dihydrosafrole (max. content =0.0085% w/w)  Isosafrole (max. content <0.004% w/w)  Dipiperonyl methane (max. content 1.95% w/w)  Dipiperonyl ether (max. content 0.9%w/w)  Methyl dihydrosafrole (max. content 0.5% w/w)  Piperonyl Butoxide-x (Piperonyl Butoxide homologue) (max. content 0.47 % w/w)  ortho-Piperonyl Butoxide (Piperonyl Butoxide homologue) (max. content 0.51 % w/w)  N.N-dimethylformamide (max. content <0.04% w/w)  Dichloromethane (max. content <0.05% w/w)"
"13977-65-6  13492-26-7";"potassium phosphonates";"potassium hydrogen phosphonate dipotassium phosphonate";"";;"KH2PO3 and K2HPO3";"17.8 to 20.0 % potassium ; min. 990 g/kg sur matière sèche";""
"67747-09-5";"prochloraz";"N-Propyl-N-[2-(2,4,6-trichlorophenoxy)ethyl]imidazole-1-carboxamide";"266-994-5";376,7;"C15 H16 Cl3 N3 O2";"970g/kg";"dioxins et furans (max 0,01 mg/kg)."
"127277-53-6";"prohexadione-calcium";"Calcium 3-oxido-5-oxo-4-propionylcyclohex-3-enecarboxylate";"";250,26;"C10 H10 O5 Ca";"928g/kg";""
"24579-73-5";"propamocarbe";"propyl 3-(dimethylamino)propylcarbamate hydrochloride";"";224,7;"C9 H21Cl N2 O2";"920 g/ kg";""
"111479-05-1";"propaquizafop";"2-isopropylideneaminooxyethyl (R)-2-[4-(6-chloroquinoxalin-2-yloxy)phenoxy]propionate";"";443,89;"C22 H22 Cl N3 O5";"920 g/kg";"toluene max 5 g/kg"
"181274-15-7";"propoxycarbazone";"propoxycarbazone: methyl 2-[(4,5-dihydro-4-methyl-5-oxo-3-propoxy-1H-1,2,4-triazole-1-carboxamido)sulfonyl]benzoate; propoxycarbazone-sodium: sodium [2-(methoxycarbonyl)benzenesulfonyl](4-methyl-5-oxo-3-propoxy-4,5-dihydro-1H-1,2,4-triazole-1-carbonyl)azanide";"";398,39999999999998;"C15 H18 N4 Na 07 S ; C15H17N4NaO7S";"960g/kg";""
"23950-58-5";"propyzamide";"3,5-Dichloro-N-(1,1-dimethylprop-2-ynyl)benzamide";"245-951-4";256,13;"C12 H11 Cl2 N O";"920g/kg";""
"189278-12-4 ";"proquinazid";"6-iodo-2-propoxy-3-propylquinazolin-4(3H)-one";"";372,21;"";"950 g/kg";""
"52888-80-9";"prosulfocarbe";"S-benzyl dipropyl(thiocarbamate)";"401-730-6";251,40000000000001;"C14 H21 N O S";"970 g/kg";""
"94125-34-5";"prosulfuron";"1-(4-methoxy-6-methyl-1,3,5-triazin-2-yl)-3-[2-(3,3,3-trifluoropropyl)phenylsulfonyl]urea";"pas disponible";419,4;"C15 H16 F3 N5 O4 S";"950 g/kg";"CGA 159902: 2-(3,3,3-trifluoropropyl)benzenesulfonamide   max 10 g/kg"
"178928-70-6";"prothioconazole";"(RS)-2-[2-(1-chlorocyclopropyl)-3-(2-chlorophenyl)-2-hydroxypropyl]-2,4-dihydro-1,2,4-triazole-3-thione";"";344,3;"C14 H15 Cl2 N3 O S";"96.5%";""
"175013-18-0";"pyraclostrobine";"methyl N-(2-[1-(4-chlorophenyl)-1H-pyrazol-3-yl)oxymethyl]-N-methoxycarbamate";"";387,82;"C19 H18 Cl N3 O4";"975g/kg";"DMS  max 0,0001 %."
"129630-19-9";"pyraflufen ethyl";"ethyl 2-chloro-5-(4-chloro-5-difluoromethoxy-1-methylpyrazol-3-yl)-4-fluoro-phenoxyacetate";"";413,2;"C15 H13 Cl2 F3 N2 04";"";""
"8003-34-7";"pyrethrines";"Pyrethrin 1: (Z)-(S)-2-methyl-4-oxo-3-(penta-2,4-dienyl)cyclopent-2-enyl (1R)-trans-2,2-dimethyl-3-(2-methylprop-1-enyl) cyclopropanecarboxylate (Roth)  Cinerin 1: (Z)-(S)-3-(but-2-enyl)-2-methyl-4-oxocyclopent-2-enyl (1R)-trans-2,2-dimethyl-3-(2-methylprop-1-enyl) cyclopropanecarboxylate (Roth)  Jasmolin 1: (Z)-(S)-2-methyl-4-oxo-3-(pent-2-enyl)cyclopent-2-enyl (1R)-trans-2,2-dimethyl-3-(2-methylprop-1-enyl) cyclopropanecarboxylate (Roth)  Pyrethrin 2: (Z)-(S)-2-methyl-4-oxo-3-(penta-2,4-dienyl)cyclopent-2-enyl (E)-(1R)-trans-3-(2-methoxycarbonylprop-1-enyl)-2,2 –dimethylcyclopropanecarboxylate (Roth)  Cinerin 2: (Z)-(S)-3-(but-2-enyl)-2-methyl-4-oxocyclopent-2-enyl (E)-(1R)-trans-3-(2-methoxycarbonylprop-1-enyl)-2,2 –dimethylcyclopropanecarboxylate (Roth)  Jasmolin 2: (Z)-(S)-2-methyl-4-oxo-3-(pent-2-enyl)cyclopent-2-enyl (E)-(1R)-trans-3-(2-methoxycarbonylprop-1-enyl)-2,2 –dimethylcyclopropanecarboxylate (Roth)";"232-319-8";;"";"non fixé";""
"96489-71-3";"pyridabene";"2-tert-butyl-5-(4-tert-butylbenzylthio)-4-chloropyridazin-3(2H)-one";"";364,9;"C19 H25 Cl N2 O S";"980g/kg";""
"55512-33-9";"pyridate";"O-6-CHLORO-3-PHENYLPYRIDAZIN-4-YL S-OCTYL carbonothioate";"259-686-7";378,9;"C19 H23 Cl N2 O2 S";"900 g/kg";""
"53112-28-0";"pyrimethanil";"N-(4,6-dimethyl-pyrimidin-2-yl)aniline";"414-220-3";199,28;"C12 H13 N3";"975 g/kg";""
"23103-98-2";"pyrimicarbe";"2-dimethylamino-5,6-dimethylpyrimidin-4-yl dimethylcarbamate";"245-430-1";238,3;"C11 H18 N4 O2";"950 g/kg";""
"29232-93-7";"pyrimiphos-methyl";"O-2-diethylamino-6-methylpyrimidin-4-yl O,O-dimethyl phosphorothioate";"249-528-5";305,4;"C11 H20 N3 O3 P S";"880 g/kg";""
"688046-61-9";"pyriofénone";"(5-chloro-2-methoxy-4-methyl-3-pyridyl)(4,5,6-trimethoxy-o-tolyl)methanone";"";365,80000000000001;"C18H20NO5Cl";"965 g/kg";""
"95737-68-1";"pyriproxyfen";"4-phenoxyphenyl (RS)-2-(2-pyridyloxy)propyl ether";"";321,37;"C20 H29 N O3";"970 g/kg";"À partir du 1er août 2021, impureté maximale: toluène 5 g/kg"
"422556-08-9";"pyroxsulame";"N-(5,7-dimethoxy[1,2,4]triazolo[1,5-alpha]pyrimidin-2-yl)-2-methoxy-4-(trifluoromethyl)pyridine-3-sulfonamide";"pas disponible";434,4;"C14H13F3N6O5S";"965 g/kg";""
"90717-03-6";"Quinmerac";"7-chloro-3-methylquinoline-8-carboxylic acid";"402-790-6";221,59999999999999;"C11 H8 Cl N O2";"980 g/kg";""
"2797-51-5";"quinoclamine";"2-amino-3-chloro-1,4-naphthoquinone";"";207,6;"";"965 g/kg";"dichlone (2,3- dichloro-1,4-naphthoquinone) max. 15 g/kg"
"100646-51-3";"quizalofop-P-ethyl";"ethyl (R)-2-[4-(6-chloroquinoxalin-2-yloxy)phenoxy]propionate";"pas disponible";372,81;"C19 H17 Cl N2 O4";">950g/kg";""
"122931-48-0";"rimsulfuron";"1-(4,6-dimethoxypyrimidin-2-yl)-3-(3-ethylsulfonyl-2-pyridylsulfonyl)urea";"";431,45;"C14 H17 N5 O7 S2";"960 g/kg";""
"874967-67-6";"sedaxane";"mixture of 2 cis-isomers 2'-[(1RS,2RS)-1,1'-bicycloprop-2-yl]-3-(difluoromethyl)-1-methylpyrazole-4-carboxanilide and 2 trans-isomers 2'-[(1RS,2SR)-1,1'-bicycloprop-2-yl]-3-(difluoromethyl)-1-methylpyrazole-4-carboxanilide";"";331,4;"C18H19F2N3O";"960 g/kg";""
"175217-20-6";"silthiofam";"N-allyl-4,5-dimethyl-2-(trimethylsilyl)thiophene-3-carboxamide";"605-752-9";267,47;"C13 H21 N O S Si";"980g/kg";""
"130561-48-7";"sintofen";"1-(4-chlorophenyl)-1,4-dihydro-5-(2-methoxyethoxy)-4-oxocinnoline-3-carboxylic acid";"pas disponible";374,80000000000001;"C18 H15 Cl N2 O5";"980 g/kg";"2 -methoxyethanol (max 0.25 g/kg) et N-N-dimethylformamamide (max 1.5 g/kg)"
"87392-12-9";"s-metolachlore";"mixture of 80-100% 2-chloro-N-(6-ethyl-o-tolyl)-N-[(1S)-2-methoxy-1-methylethyl]acetamide and 20-0% 2-chloro-N-(6-ethyl-o-tolyl)-N-[(1R)-2-methoxy-1-methylethyl]acetamide";"";283,8;"C15 H22 Cl N O2";"960g/kg";""
"7704-34-9";"soufre";"sulfur";"";32,06;"S8";"990 g/kg";""
"935545-74-7 (Spinetoram)";"spinetoram";"XDE-175-J (Major factor) : (2R,3aR,5aR,5bS,9S,13S,14R,16aS, 16bR)-2-(6-deoxy-3-O-ethyl-2,4-di-O-methyl-a-L-mannopyranosyloxy)-13-[(2R,5S,6R)-5-(dimethylamino)tetrahydro-6-methylpyran-2-yloxy]-9-ethyl-2,3,3a,4,5,5a,5b,6,9,10,11,12,13,14,16a,16b-hexadecahydro-14-methyl-1H-as-indaceno[3,2-d]oxacyclododecine-7,15-dione ;  XDE_175-L (Minor factor) : (2S,3aR,5aS,5bS,9S,13S,14R,16aS,16bS)-2-(6-deoxy-3-O-ethyl-2,4-di-O-methyl-a-L-mannopyranosyloxy)-13-[(2R,5S,6R)-5-(dimethylamino)tetrahydro-6-methylpyran-2-yloxy]-9-ethyl-2,3,3a,5a,5b,6,9,10,11,12,13,14,16a,16b-tetradecahydro-4,14-dimethyl-1H-as-indaceno[3,2-d]oxacyclododecine-7,15-dione";"";;"XDE-175-J : C42H69NO10 ; XDE-175-L : C43H69NO10";"830 g/kg  spinetoram";""
"168316-95-8";"spinosad";"mixture of 50-95% (2R,3aS,5aR,5bS,9S,13S,14R,16aS,16bR)-2-(6-deoxy-2,3,4-tri-O-methyl-alpha-L-mannopyranosyloxy)-13-(4-dimethylamino-2,3,4,6-tetradeoxy-beta-D-erythropyranosyloxy)-9-ethyl-2,3,3a,5a,5b,6,7,9,10,11,12,13,14,15,16a,16b-hexadecahydro-14-methy";"";732;"spinosad A : C41 H65 N O10   spinosad D : C42 H67 N O10";"850 g/kg";""
"148477-71-8";"spirodiclofen";"3-(2,4-dichlorophenyl)-2-oxo-1-oxaspiro[4.5]dec-3-en-4-yl 2,2-dimethylbutyrate";"";965;"C21H24Cl2O4";"965 g/kg";"3-(2,4-dichlorophényl)-4-hydroxy-1- oxaspiro[4.5]déc-3-én- 2-one (BAJ-2740 enol) max 6 g/kg           N,N-diméthylacétamide max  4 g/kg"
"203313-25-1";"spirotetramate";"cis-4-(ethoxycarbonyloxy)-8-methoxy-3-(2,5-xylyl)-1-azaspiro[4.5]dec-3-en-2-one";"pas disponible";373,44999999999999;"C21H27NO5";"970 g/kg";""
"118134-30-8";"spiroxamine";"(8-tert-Butyl-1,4-dioxaspiro[4.5]decan-2-ylmethyl)-ethyl-propyl-amine";"pas disponible";297,5;"C18 H 35 N O2";"950 g/kg";""
"99105-77-8";"sulcotrione";"2-(2-chloro-4-mesylbenzoyl)cyclohexane-1,3-dione";"";328,77;"C14 H13 Cl O5 S";"950 g/kg";"hydrogen cyanide max 80 mg/kg  toluene max 4 g/kg"
"7782-63-0";"sulfate de fer";"fer (II) sulfate";"231-753-5";278;"Fe O4 S";"350g/kg en total fer";"arsenic 18 mg/kg  cadmium 1.8 mg/kg  chromium 90 mg/kg  lead 36 mg/kg  mercury 1.8 mg/kg"
"141776-32-1";"Sulfosulfuron";"1-(4,6-dimethoxypyrimidin-2-yl)-3-(2-ethylsulfonylimidazo[1,2-a]pyridine-3-ylsulfonyl)urea";"pas disponible";470,49;"C16 H18 N6 07 S2";"980 g/kg";"phenol: max 2 g/kg"
"102851-06-9";"tau-fluvalinate";"(RS)-alpha-cyano-3-phenoxybenzyl N-(2-chloro-alpha,alpha,alpha-trifluoro-p-tolyl)-D-valinate";"pas disponible";502,9;"C26 H22 Cl F3 N2 O3";"920 g/kg";"Toluene: max 5 g/kg"
"107534-96-3";"tebuconazole";"(RS)-1-p-chlorophenyl-4,4-dimethyl-3-(1H-1,2,4-triazol-1-ylmethyl)pentan-3-ol";"";307,80000000000001;"C16 H22 Cl N3 O";"950 g/kg";""
"112410-23-8";"tebufenozide";"N-tert-butyl-N'-(4-ethylbenzoyl)-3,5-dimethylbenzohydrazide";"non disponible";352,5;"C22 H28 N2 O2";"970g/kg";"t-butyl hydrazine : 0,001 g/kg"
"119168-77-3";"tebufenpyrad";"N-(4-tert-butylbenzyl)-4-chloro-3-ethyl-1-methylpyrazole-5-carboxamide";"";333,8;"C18 H24 Cl N3 O";"980g/kg";""
"83121-18-0";"teflubenzuron";"1-(3,5-Dichloro-2,4-difluorophenyl)-3-(2,6-difluorobenzoyl)uree";"";381,1;"C14 H6 Cl2 F4 N2 O2";"970g/kg";""
"79538-32-2";"tefluthrine";"2,3,5,6-tetrafluoro-4-methylbenzyl (1RS,3RS)-3-[(Z)-2-chloro-3,3,3-trifluoroprop-1-enyl]-2,2-dimethylcyclopropanecarboxylate";"non disponible";418,7;"C17 H14 Cl F7 O2";"920 g/kg";"Hexachlorobenzène max 1 mg/kg"
"335104-84-2";"tembotrione";"2-{2-chloro-4-mesyl-3-[(2,2,2-trifluoroethoxy)methyl]benzoyl}cyclohexane-1,3-dione";"pas disponible";440,82;"C17H16ClF3O6S";"945g/kg";"toluene max 10 g/kg  HCN max 1 g/kg"
"5915-41-3";"terbuthylazine";"N2-tert-butyl-6-chloro-N4-ethyl-1,3,5-triazine-2,4-diamine";"227-637-9";229,69999999999999;"C9 H16 Cl N5";"950g/kg";"propazine max 9 g/kg; atrazine: max 1 g/kg; simazine max 9 g/kg"
"112281-77-3";"tetraconazole";"(RS)-2-(2,4-dichlorophenyl)-3-(1H-1,2,4-triazol-1-yl)propyl 1,1,2,2-tetrafluoroethyl ether";"407-760-6";372,14;"C13 H11 Cl2 F4 N3 O";"950 g/kg";"toluène : max 13 g/kg"
"148-79-8";"thiabendazole";"2-(thiazol-4-yl)benzimidazole";"205-725-8";201,26;"C10 H7 N3 S";"985 g/kg";""
"111988-49-9";"thiacloprid";"(Z)-N-{3-[(6-chloro-3-pyridyl)methyl]-1,3-thiazolan-2-yliden}cyanamide";"";252,73;"C10 H9 Cl N4 S";"975g/kg";""
"153719-23-4";"thiamethoxam";"(E,Z)-3-(2-chloro-thiazol-5-ylmethyl)-5-methyl-[1,3,5]oxadiazinan-4-ylidene-N-nitroamine";"428-650-4";291,7;"C8H10ClN5O3S";"980 g/kg";""
"317815-83-1";"thiencarbazone-methyl";"Methyl 4-[(4,5-dihydro-3-methoxy-4-methyl-5-oxo-1H-1,2,4-triazol-1-yl)carbonylsulfamoyl]-5-methylthiophene-3-carboxylate";"";390,4;"C12H14N4O7S2";"950 g/kg";""
"79277-27-3";"thifensulfuron methyle";"Methyl 3-(4-methoxy-6-methyl-1,3,5-triazin-2-ylcarbamoylsulfamoyl)thiophene-2-carboxylate";"pas disponible";387,38999999999999;"C12 H13 N5 O6 S2";"979 g/kg";""
"23564-05-8";"thiophanate-methyl";"Dimethyl 4,4'-(o-phenylene)bis(3-thioallophanate)";"245-740-57";342,4;"C12 H14 N4 O4 S2";"950g/kg";"DAP : max 0.0005 g/kg, HAP : max 0.0005 g/kg, Carbendazim: 0.9 g/kg"
"57018-04-9";"Tolclophos methyle";"O-2,6-dichloro-p-tolyl O,O-dimethyl phosphorothioate";"260-515-3";301,10000000000002;"C9 H11 Cl2 O3 P S";"960 g/kg";"Methanol max 1g/kg"
"87820-88-0";"tralkoxydime";"(RS)-2-[(EZ)-1-(ethoxyimino)propyl]-3-hydroxy-5-mesitylcyclohex-2-en-1-one";"";329,4;"C20 H27 N O3";"960g/kg";""
"55219-65-3";"triadimenol";"(1RS,2RS;1RS,2SR)-1-(4-chlorophenoxy)-3,3-dimethyl-1-(1H-1,2,4-triazol-1-yl)butan-2-ol";"";295,8;"C14 H18 Cl N3 O2";"920g/kg";""
"2303-17-5";"tri-allate";"S-2,3,3-trichloroallyl di-isopropyl(thiocarbamate)";"218-962-7";304,69999999999999;"C10 H16 Cl3 N O S";"940g/kg";"NDIPA (Nitroso-diisopropylamine) max. 0.02 mg/kg"
"101200-48-0";"tribenuron-methyl";"Methyl2-[4-methoxy-6-methyl-1,3,5-triazin-2-yl(methyl)carbamoylsulfamoyl]benzoate";"401-190-1";395,4;"C15 H17 N5 O6 S";"960g/kg";""
"055335-06-3";"triclopyr";"3,5,6-trichloro-2-pyridyloxyacetic acid";"";256,47;"C7 H4 Cl3 N O3";"96 % butoxyethyl";""
"64700-56-7";"triclopyr butoxy ethyl ester";"3,5,6-trichloro-2-pyridyloxy-2-butoxyethyl ester";"";356,68;"C13 H16 Cl3 N O4";"960 g/kg";""
"141517-21-7";"trifloxystrobine";"	methyl (E)-methoxyimino-{(E)-a-[1-(a,a,a-trifluoro-m-tolyl)ethylideneaminooxyl]-o-tolyl}acetate";"pas disponible";408,38;"C20 H19 F3 N2 04";"975g/kg";"AE 1344136 (max. 4 g/kg)"
"126535-15-7";"triflusulfuron-methyle";"2-[4-dimethylamino-6-(2,2,2-trifluoroethoxy)-1,3,5-triazin-2-ylcarbamoylsulfamoyl]-m-toluic acid";"";492,4;"C17 H19 F3 N6 O6 S";"960 g/kg";""
"95266-40-3";"trinexapac-ethyl";"4-(cyclopropyl-hydroxymethylene)-3,5-dioxo-cyclohexanecarboxylic acid ethyl ester";"";252,27;"C13 H16 O5";"940g/kg";""
"131983-72-7";"triticonazole";"(+-)-(E)-5-(4-chlorobenzylidene)-2,2-dimethyl-1-(1H-1,2,4-triazol-1-ylmethyl)cyclopentanol";"";317,82;"C17 H20 Cl N3 O";"950g/kg";""
"142469-14-5";"tritosulfuron";"1-[4-methoxy-6-(trifluoromethyl)-1,3,5-triazin-2-yl]-3-[2-(trifluoromethyl)benzenesulfonyl]urea";"";445,3;"";"960g/kg";"AMTT max 0.2 g/kg"
"283159-90-0";"valifenalate";"methyl N-(isopropoxycarbonyl)-L-valyl-(3RS)-3-(4-chlorophenyl)-beta-alaninate";"pas disponible";398,88999999999999;"C19H27ClN2O5";"980g/kg";""
"52315-07-8";"zeta-cypermethrine";"mixture of the stereoisomers (S)-alpha-cyano-3-phenoxybenzyl (1RS,3RS;1RS,3SR)-3-(2,2-dichlorovinyl)-2,2-dimethylcyclopropanecarboxylate where the ratio of the (S);(1RS,3RS) isomeric pair to the (S);(1RS,3SR) isomeric pair lies in the ratio range 45-55 to";"257-842-9";416,31;"C22 H19 Cl2 N O3";"850g/kg";"toluene max 2 g/kg  goudrons: max 12,5 g/kg"
"137-30-4";"zirame";"Zinc bis (dimethyldithiocarbamate)";"205-288-3";305,81;"C6 H12 N2 S4 Zn";"950g/kg";""
"156052-68-5";"zoxamide";"(RS)-3,5-Dichloro-N -(3-chloro-1-ethyl-1-methylacetonyl)-p-toluamide";"pas disponible";336,65;"C14 H16 N 02 Cl3";"953g/kg";""
"112-30-1";"1-decanol";"Decan-1-ol";"203-956-9";;"";"960 g/kg";""
"3100-04-7 ";"1-methylcyclopropene";"1-methylcyclopropene";"pas disponible";54;"C4 H6";"980 g/kg  //  pas de pureté minimale pour la génération situ";"1-chloro-2-methylpropene max 0.2 g/kg et 3-chloro-2-methylpropene max 0.2 g/kg (N1) // pour la substance générée in situ : heptane 10% et methylcyclohexane 10% (N2)"
"86-86-2";"1-naphthylacetamide";"2-(1-naphthyl)acetamide";"201-704-2";;"";"980 g/kg";""
"571-58-4";"1,4-dimethylnaphthalene";"1,4-dimethylnaphthalene";"209-335-9";156,22999999999999;"C12H12";"980 g/kg";""
"94-75-7";"2,4-D";"(2,4-dichlorophenoxy)acetic acid";"202-361-1";221;"C8 H6 Cl2 O3";"960g/kg";"Dioxins and furans:  TCDD toxic equivalents (TEQ): max 10 ppb"
"1928-43-4";"2,4-D ethylhexyl ester";"(RS)-2-ethylhexyl (2,4-dichlorophenoxy)acetate";"217-673-3";333,26;"C16 H22 Cl2 O3";"";""
"94-82-6";"2,4-DB";"4-(2,4-DICHLOROPHENOXY)-BUTYRIC ACID";"202-366-9";249,1;"C10 H10 Cl2 O3";"940 g/kg";"Phénols libres [exprimés en 2,4-dichlorophénol (2,4-DCP)]: max 15 g/kg                                          Dibenzo-p-dioxines et polychlorodibenzofuranes [équivalent toxique de TCDD (TEQ)]: max. 0,01 mg/kg"
"1214-39-7";"6-benzyladenine";"6-benzyladenine";"214-92-7-5";225,3;"C12 H11 N5";"973g/kg";""
"37338-40-2";"8-dodecenylacetate";"acetate de dodec-8-enyle";"";;"C14 H26 O2";"";""
